COUNTRY,DATATYPE,PRODUCT,FLOW,TIME,VALUE
AUSTRALI,BALANCE,NATGASCM,GDINCTRO,2021,55623.0
AUSTRALI,BALANCE,NATGASCM,GDINCTRO,2022,59338.0
AUSTRALI,BALANCE,NATGASCM,GDINCTRO,4Q2023,13361.0
AUSTRALI,BALANCE,NATGASCM,GDINCTRO,DEC2022,4578.0
AUSTRALI,BALANCE,NATGASCM,GDINCTRO,DEC2023,4055.0
AUSTRALI,BALANCE,NATGASCM,GDINCTRO,YTD2022,59338.0
AUSTRALI,BALANCE,NATGASCM,GDINCTRO,YTD2023,55450.0
AUSTRALI,BALANCE,NATGASCM,INDPROD,2021,156262.0
AUSTRALI,BALANCE,NATGASCM,INDPROD,2022,162973.0
AUSTRALI,BALANCE,NATGASCM,INDPROD,4Q2023,40158.0
AUSTRALI,BALANCE,NATGASCM,INDPROD,DEC2022,13831.0
AUSTRALI,BALANCE,NATGASCM,INDPROD,DEC2023,13849.0
AUSTRALI,BALANCE,NATGASCM,INDPROD,YTD2022,162973.0
AUSTRALI,BALANCE,NATGASCM,INDPROD,YTD2023,160698.0
AUSTRALI,BALANCE,NATGASCM,TOTENTSB,2021,6069.0
AUSTRALI,BALANCE,NATGASCM,TOTENTSB,2022,2865.0
AUSTRALI,BALANCE,NATGASCM,TOTENTSB,DEC2022,105.0
AUSTRALI,BALANCE,NATGASCM,TOTENTSB,YTD2022,2865.0
AUSTRALI,BALANCE,NATGASCM,TOTENTSB,YTD2023,634.0
AUSTRALI,BALANCE,NATGASCM,TOTEXTSB,2021,106708.0
AUSTRALI,BALANCE,NATGASCM,TOTEXTSB,2022,106500.0
AUSTRALI,BALANCE,NATGASCM,TOTEXTSB,4Q2023,26797.0
AUSTRALI,BALANCE,NATGASCM,TOTEXTSB,DEC2022,9358.0
AUSTRALI,BALANCE,NATGASCM,TOTEXTSB,DEC2023,9794.0
AUSTRALI,BALANCE,NATGASCM,TOTEXTSB,YTD2022,106500.0
AUSTRALI,BALANCE,NATGASCM,TOTEXTSB,YTD2023,105882.0
AUSTRIA,BALANCE,NATGASCM,GDINCTRO,2021,9343.52
AUSTRIA,BALANCE,NATGASCM,GDINCTRO,2022,8149.663
AUSTRIA,BALANCE,NATGASCM,GDINCTRO,4Q2023,2174.038
AUSTRIA,BALANCE,NATGASCM,GDINCTRO,DEC2022,965.238
AUSTRIA,BALANCE,NATGASCM,GDINCTRO,DEC2023,915.552
AUSTRIA,BALANCE,NATGASCM,GDINCTRO,YTD2022,8149.663
AUSTRIA,BALANCE,NATGASCM,GDINCTRO,YTD2023,6962.8
AUSTRIA,BALANCE,NATGASCM,INDPROD,2021,708.413
AUSTRIA,BALANCE,NATGASCM,INDPROD,2022,646.239
AUSTRIA,BALANCE,NATGASCM,INDPROD,4Q2023,144.274
AUSTRIA,BALANCE,NATGASCM,INDPROD,DEC2022,46.074
AUSTRIA,BALANCE,NATGASCM,INDPROD,DEC2023,49.771
AUSTRIA,BALANCE,NATGASCM,INDPROD,YTD2022,646.239
AUSTRIA,BALANCE,NATGASCM,INDPROD,YTD2023,575.223
AUSTRIA,BALANCE,NATGASCM,STCHANAT,2021,-3891.27
AUSTRIA,BALANCE,NATGASCM,STCHANAT,2022,4644.846
AUSTRIA,BALANCE,NATGASCM,STCHANAT,4Q2023,-146.814
AUSTRIA,BALANCE,NATGASCM,STCHANAT,DEC2022,-594.803
AUSTRIA,BALANCE,NATGASCM,STCHANAT,DEC2023,-355.508
AUSTRIA,BALANCE,NATGASCM,STCHANAT,YTD2022,4644.846
AUSTRIA,BALANCE,NATGASCM,STCHANAT,YTD2023,677.463
AUSTRIA,BALANCE,NATGASCM,TOTENTSB,2021,41461.888
AUSTRIA,BALANCE,NATGASCM,TOTENTSB,2022,31235.448
AUSTRIA,BALANCE,NATGASCM,TOTENTSB,4Q2023,3199.647
AUSTRIA,BALANCE,NATGASCM,TOTENTSB,DEC2022,1541.55
AUSTRIA,BALANCE,NATGASCM,TOTENTSB,DEC2023,1117.727
AUSTRIA,BALANCE,NATGASCM,TOTENTSB,YTD2022,31235.448
AUSTRIA,BALANCE,NATGASCM,TOTENTSB,YTD2023,15399.44
AUSTRIA,BALANCE,NATGASCM,TOTEXTSB,2021,36707.595
AUSTRIA,BALANCE,NATGASCM,TOTEXTSB,2022,19106.567
AUSTRIA,BALANCE,NATGASCM,TOTEXTSB,4Q2023,1319.947
AUSTRIA,BALANCE,NATGASCM,TOTEXTSB,DEC2022,1219.497
AUSTRIA,BALANCE,NATGASCM,TOTEXTSB,DEC2023,608.401
AUSTRIA,BALANCE,NATGASCM,TOTEXTSB,YTD2022,19106.567
AUSTRIA,BALANCE,NATGASCM,TOTEXTSB,YTD2023,8280.799
BELGIUM,BALANCE,NATGASCM,GDINCTRO,2021,18343.4
BELGIUM,BALANCE,NATGASCM,GDINCTRO,2022,15737.3
BELGIUM,BALANCE,NATGASCM,GDINCTRO,4Q2023,4133.1
BELGIUM,BALANCE,NATGASCM,GDINCTRO,DEC2022,1868.2
BELGIUM,BALANCE,NATGASCM,GDINCTRO,DEC2023,1644.8
BELGIUM,BALANCE,NATGASCM,GDINCTRO,YTD2022,15737.3
BELGIUM,BALANCE,NATGASCM,GDINCTRO,YTD2023,14779.1
BELGIUM,BALANCE,NATGASCM,INDPROD,2021,13.2
BELGIUM,BALANCE,NATGASCM,INDPROD,2022,27.3
BELGIUM,BALANCE,NATGASCM,INDPROD,4Q2023,6.5
BELGIUM,BALANCE,NATGASCM,INDPROD,DEC2022,2.5
BELGIUM,BALANCE,NATGASCM,INDPROD,DEC2023,2.3
BELGIUM,BALANCE,NATGASCM,INDPROD,YTD2022,27.3
BELGIUM,BALANCE,NATGASCM,INDPROD,YTD2023,25.5
BELGIUM,BALANCE,NATGASCM,STCHANAT,2021,-13.9
BELGIUM,BALANCE,NATGASCM,STCHANAT,2022,135.6
BELGIUM,BALANCE,NATGASCM,STCHANAT,4Q2023,-107.6
BELGIUM,BALANCE,NATGASCM,STCHANAT,DEC2022,-128.9
BELGIUM,BALANCE,NATGASCM,STCHANAT,DEC2023,-86.0
BELGIUM,BALANCE,NATGASCM,STCHANAT,YTD2022,135.6
BELGIUM,BALANCE,NATGASCM,STCHANAT,YTD2023,86.6
BELGIUM,BALANCE,NATGASCM,TOTENTSB,2021,41005.2
BELGIUM,BALANCE,NATGASCM,TOTENTSB,2022,61082.7
BELGIUM,BALANCE,NATGASCM,TOTENTSB,4Q2023,12792.7
BELGIUM,BALANCE,NATGASCM,TOTENTSB,DEC2022,5577.8
BELGIUM,BALANCE,NATGASCM,TOTENTSB,DEC2023,4566.0
BELGIUM,BALANCE,NATGASCM,TOTENTSB,YTD2022,61082.7
BELGIUM,BALANCE,NATGASCM,TOTENTSB,YTD2023,51840.7
BELGIUM,BALANCE,NATGASCM,TOTEXTSB,2021,22707.729
BELGIUM,BALANCE,NATGASCM,TOTEXTSB,2022,45206.4
BELGIUM,BALANCE,NATGASCM,TOTEXTSB,4Q2023,8767.8
BELGIUM,BALANCE,NATGASCM,TOTEXTSB,DEC2022,3848.8
BELGIUM,BALANCE,NATGASCM,TOTEXTSB,DEC2023,3009.2
BELGIUM,BALANCE,NATGASCM,TOTEXTSB,YTD2022,45206.4
BELGIUM,BALANCE,NATGASCM,TOTEXTSB,YTD2023,36994.0
CANADA,BALANCE,NATGASCM,GDINCTRO,2021,138138.917
CANADA,BALANCE,NATGASCM,GDINCTRO,2022,145160.919
CANADA,BALANCE,NATGASCM,GDINCTRO,4Q2023,40158.613
CANADA,BALANCE,NATGASCM,GDINCTRO,DEC2022,15926.086
CANADA,BALANCE,NATGASCM,GDINCTRO,DEC2023,14667.498
CANADA,BALANCE,NATGASCM,GDINCTRO,YTD2022,145160.919
CANADA,BALANCE,NATGASCM,GDINCTRO,YTD2023,143953.091
CANADA,BALANCE,NATGASCM,INDPROD,2021,190348.203
CANADA,BALANCE,NATGASCM,INDPROD,2022,203342.346
CANADA,BALANCE,NATGASCM,INDPROD,4Q2023,53798.821
CANADA,BALANCE,NATGASCM,INDPROD,DEC2022,17765.825
CANADA,BALANCE,NATGASCM,INDPROD,DEC2023,18521.309
CANADA,BALANCE,NATGASCM,INDPROD,YTD2022,203342.346
CANADA,BALANCE,NATGASCM,INDPROD,YTD2023,207794.347
CANADA,BALANCE,NATGASCM,STCHANAT,2021,-2810.319
CANADA,BALANCE,NATGASCM,STCHANAT,2022,-1670.141
CANADA,BALANCE,NATGASCM,STCHANAT,4Q2023,-608.453
CANADA,BALANCE,NATGASCM,STCHANAT,DEC2022,-3732.946
CANADA,BALANCE,NATGASCM,STCHANAT,DEC2023,-944.549
CANADA,BALANCE,NATGASCM,STCHANAT,YTD2022,-1670.141
CANADA,BALANCE,NATGASCM,STCHANAT,YTD2023,6936.011
CANADA,BALANCE,NATGASCM,TOTENTSB,2021,24540.613
CANADA,BALANCE,NATGASCM,TOTENTSB,2022,25427.189
CANADA,BALANCE,NATGASCM,TOTENTSB,4Q2023,5786.304
CANADA,BALANCE,NATGASCM,TOTENTSB,DEC2022,2638.188
CANADA,BALANCE,NATGASCM,TOTENTSB,DEC2023,2178.748
CANADA,BALANCE,NATGASCM,TOTENTSB,YTD2022,25427.189
CANADA,BALANCE,NATGASCM,TOTENTSB,YTD2023,25213.177
CANADA,BALANCE,NATGASCM,TOTEXTSB,2021,79560.218
CANADA,BALANCE,NATGASCM,TOTEXTSB,2022,85278.757
CANADA,BALANCE,NATGASCM,TOTEXTSB,4Q2023,20034.965
CANADA,BALANCE,NATGASCM,TOTEXTSB,DEC2022,8210.873
CANADA,BALANCE,NATGASCM,TOTEXTSB,DEC2023,6977.108
CANADA,BALANCE,NATGASCM,TOTEXTSB,YTD2022,85278.757
CANADA,BALANCE,NATGASCM,TOTEXTSB,YTD2023,82118.422
CHILE,BALANCE,NATGASCM,GDINCTRO,2021,6270.0
CHILE,BALANCE,NATGASCM,GDINCTRO,2022,6855.0
CHILE,BALANCE,NATGASCM,GDINCTRO,4Q2023,1197.0
CHILE,BALANCE,NATGASCM,GDINCTRO,DEC2022,563.0
CHILE,BALANCE,NATGASCM,GDINCTRO,DEC2023,353.0
CHILE,BALANCE,NATGASCM,GDINCTRO,YTD2022,6855.0
CHILE,BALANCE,NATGASCM,GDINCTRO,YTD2023,6618.0
CHILE,BALANCE,NATGASCM,INDPROD,2021,1275.0
CHILE,BALANCE,NATGASCM,INDPROD,2022,1387.0
CHILE,BALANCE,NATGASCM,INDPROD,4Q2023,312.0
CHILE,BALANCE,NATGASCM,INDPROD,DEC2022,112.0
CHILE,BALANCE,NATGASCM,INDPROD,DEC2023,91.0
CHILE,BALANCE,NATGASCM,INDPROD,YTD2022,1387.0
CHILE,BALANCE,NATGASCM,INDPROD,YTD2023,1382.0
CHILE,BALANCE,NATGASCM,STCHANAT,2021,15.0
CHILE,BALANCE,NATGASCM,STCHANAT,2022,63.0
CHILE,BALANCE,NATGASCM,STCHANAT,4Q2023,-98.0
CHILE,BALANCE,NATGASCM,STCHANAT,DEC2022,-13.0
CHILE,BALANCE,NATGASCM,STCHANAT,DEC2023,-112.0
CHILE,BALANCE,NATGASCM,STCHANAT,YTD2022,63.0
CHILE,BALANCE,NATGASCM,STCHANAT,YTD2023,-103.0
CHILE,BALANCE,NATGASCM,TOTENTSB,2021,4488.5
CHILE,BALANCE,NATGASCM,TOTENTSB,2022,5356.1
CHILE,BALANCE,NATGASCM,TOTENTSB,4Q2023,816.427
CHILE,BALANCE,NATGASCM,TOTENTSB,DEC2022,402.8
CHILE,BALANCE,NATGASCM,TOTENTSB,DEC2023,275.0
CHILE,BALANCE,NATGASCM,TOTENTSB,YTD2022,5356.1
CHILE,BALANCE,NATGASCM,TOTENTSB,YTD2023,3692.747
CZECH,BALANCE,NATGASCM,GDINCTRO,2021,9458.997
CZECH,BALANCE,NATGASCM,GDINCTRO,2022,7608.669
CZECH,BALANCE,NATGASCM,GDINCTRO,4Q2023,2098.296
CZECH,BALANCE,NATGASCM,GDINCTRO,DEC2022,973.033
CZECH,BALANCE,NATGASCM,GDINCTRO,DEC2023,886.831
CZECH,BALANCE,NATGASCM,GDINCTRO,YTD2022,7608.669
CZECH,BALANCE,NATGASCM,GDINCTRO,YTD2023,6831.643
CZECH,BALANCE,NATGASCM,INDPROD,2021,203.801
CZECH,BALANCE,NATGASCM,INDPROD,2022,223.58
CZECH,BALANCE,NATGASCM,INDPROD,4Q2023,34.958
CZECH,BALANCE,NATGASCM,INDPROD,DEC2022,19.74
CZECH,BALANCE,NATGASCM,INDPROD,DEC2023,13.336
CZECH,BALANCE,NATGASCM,INDPROD,YTD2022,223.58
CZECH,BALANCE,NATGASCM,INDPROD,YTD2023,163.82
CZECH,BALANCE,NATGASCM,STCHANAT,2021,-536.3
CZECH,BALANCE,NATGASCM,STCHANAT,2022,1232.328
CZECH,BALANCE,NATGASCM,STCHANAT,4Q2023,-279.058
CZECH,BALANCE,NATGASCM,STCHANAT,DEC2022,-393.665
CZECH,BALANCE,NATGASCM,STCHANAT,DEC2023,-204.598
CZECH,BALANCE,NATGASCM,STCHANAT,YTD2022,1232.328
CZECH,BALANCE,NATGASCM,STCHANAT,YTD2023,140.445
CZECH,BALANCE,NATGASCM,TOTENTSB,2021,45652.259
CZECH,BALANCE,NATGASCM,TOTENTSB,2022,27084.576
CZECH,BALANCE,NATGASCM,TOTENTSB,4Q2023,1886.379
CZECH,BALANCE,NATGASCM,TOTENTSB,DEC2022,615.205
CZECH,BALANCE,NATGASCM,TOTENTSB,DEC2023,700.718
CZECH,BALANCE,NATGASCM,TOTENTSB,YTD2022,27084.576
CZECH,BALANCE,NATGASCM,TOTENTSB,YTD2023,7832.652
CZECH,BALANCE,NATGASCM,TOTEXTSB,2021,36933.363
CZECH,BALANCE,NATGASCM,TOTEXTSB,2022,18467.159
CZECH,BALANCE,NATGASCM,TOTEXTSB,4Q2023,102.099
CZECH,BALANCE,NATGASCM,TOTEXTSB,DEC2022,55.577
CZECH,BALANCE,NATGASCM,TOTEXTSB,DEC2023,31.821
CZECH,BALANCE,NATGASCM,TOTEXTSB,YTD2022,18467.159
CZECH,BALANCE,NATGASCM,TOTEXTSB,YTD2023,1024.382
DENMARK,BALANCE,NATGASCM,GDINCTRO,2021,2960.187
DENMARK,BALANCE,NATGASCM,GDINCTRO,2022,2328.869
DENMARK,BALANCE,NATGASCM,GDINCTRO,4Q2023,722.135
DENMARK,BALANCE,NATGASCM,GDINCTRO,DEC2022,281.755
DENMARK,BALANCE,NATGASCM,GDINCTRO,DEC2023,280.168
DENMARK,BALANCE,NATGASCM,GDINCTRO,YTD2022,2328.869
DENMARK,BALANCE,NATGASCM,GDINCTRO,YTD2023,2346.166
DENMARK,BALANCE,NATGASCM,INDPROD,2021,1917.927
DENMARK,BALANCE,NATGASCM,INDPROD,2022,1982.432
DENMARK,BALANCE,NATGASCM,INDPROD,4Q2023,529.131
DENMARK,BALANCE,NATGASCM,INDPROD,DEC2022,183.128
DENMARK,BALANCE,NATGASCM,INDPROD,DEC2023,181.188
DENMARK,BALANCE,NATGASCM,INDPROD,YTD2022,1982.432
DENMARK,BALANCE,NATGASCM,INDPROD,YTD2023,2064.027
DENMARK,BALANCE,NATGASCM,STCHANAT,2021,-309.807
DENMARK,BALANCE,NATGASCM,STCHANAT,2022,249.737
DENMARK,BALANCE,NATGASCM,STCHANAT,4Q2023,13.674
DENMARK,BALANCE,NATGASCM,STCHANAT,DEC2022,-60.554
DENMARK,BALANCE,NATGASCM,STCHANAT,DEC2023,-6.271
DENMARK,BALANCE,NATGASCM,STCHANAT,YTD2022,249.737
DENMARK,BALANCE,NATGASCM,STCHANAT,YTD2023,6.851
DENMARK,BALANCE,NATGASCM,TOTENTSB,2021,2508.217
DENMARK,BALANCE,NATGASCM,TOTENTSB,2022,2723.201
DENMARK,BALANCE,NATGASCM,TOTENTSB,4Q2023,2383.064
DENMARK,BALANCE,NATGASCM,TOTENTSB,DEC2022,523.042
DENMARK,BALANCE,NATGASCM,TOTENTSB,DEC2023,809.289
DENMARK,BALANCE,NATGASCM,TOTENTSB,YTD2022,2723.201
DENMARK,BALANCE,NATGASCM,TOTENTSB,YTD2023,8612.404
DENMARK,BALANCE,NATGASCM,TOTEXTSB,2021,1740.526
DENMARK,BALANCE,NATGASCM,TOTEXTSB,2022,2152.668
DENMARK,BALANCE,NATGASCM,TOTEXTSB,4Q2023,2187.915
DENMARK,BALANCE,NATGASCM,TOTEXTSB,DEC2022,484.896
DENMARK,BALANCE,NATGASCM,TOTEXTSB,DEC2023,719.219
DENMARK,BALANCE,NATGASCM,TOTEXTSB,YTD2022,2152.668
DENMARK,BALANCE,NATGASCM,TOTEXTSB,YTD2023,8393.339
ESTONIA,BALANCE,NATGASCM,GDINCTRO,2021,477.4
ESTONIA,BALANCE,NATGASCM,GDINCTRO,2022,353.4
ESTONIA,BALANCE,NATGASCM,GDINCTRO,4Q2023,118.1
ESTONIA,BALANCE,NATGASCM,GDINCTRO,DEC2022,42.8
ESTONIA,BALANCE,NATGASCM,GDINCTRO,DEC2023,50.8
ESTONIA,BALANCE,NATGASCM,GDINCTRO,YTD2022,353.4
ESTONIA,BALANCE,NATGASCM,GDINCTRO,YTD2023,318.4
ESTONIA,BALANCE,NATGASCM,TOTENTSB,2021,1060.094
ESTONIA,BALANCE,NATGASCM,TOTENTSB,2022,1063.641
ESTONIA,BALANCE,NATGASCM,TOTENTSB,4Q2023,138.2
ESTONIA,BALANCE,NATGASCM,TOTENTSB,DEC2022,128.442
ESTONIA,BALANCE,NATGASCM,TOTENTSB,DEC2023,50.8
ESTONIA,BALANCE,NATGASCM,TOTENTSB,YTD2022,1063.641
ESTONIA,BALANCE,NATGASCM,TOTENTSB,YTD2023,991.2
ESTONIA,BALANCE,NATGASCM,TOTEXTSB,2021,582.718
ESTONIA,BALANCE,NATGASCM,TOTEXTSB,2022,710.356
ESTONIA,BALANCE,NATGASCM,TOTEXTSB,4Q2023,20.1
ESTONIA,BALANCE,NATGASCM,TOTEXTSB,DEC2022,85.673
ESTONIA,BALANCE,NATGASCM,TOTEXTSB,YTD2022,710.356
ESTONIA,BALANCE,NATGASCM,TOTEXTSB,YTD2023,672.8
FINLAND,BALANCE,NATGASCM,GDINCTRO,2021,2419.765
FINLAND,BALANCE,NATGASCM,GDINCTRO,2022,1280.401
FINLAND,BALANCE,NATGASCM,GDINCTRO,4Q2023,488.746
FINLAND,BALANCE,NATGASCM,GDINCTRO,DEC2022,89.095
FINLAND,BALANCE,NATGASCM,GDINCTRO,DEC2023,182.52
FINLAND,BALANCE,NATGASCM,GDINCTRO,YTD2022,1280.401
FINLAND,BALANCE,NATGASCM,GDINCTRO,YTD2023,1593.93
FINLAND,BALANCE,NATGASCM,INDPROD,2021,12.0
FINLAND,BALANCE,NATGASCM,INDPROD,2022,12.0
FINLAND,BALANCE,NATGASCM,INDPROD,4Q2023,3.3
FINLAND,BALANCE,NATGASCM,INDPROD,DEC2022,1.0
FINLAND,BALANCE,NATGASCM,INDPROD,DEC2023,1.0
FINLAND,BALANCE,NATGASCM,INDPROD,YTD2022,12.0
FINLAND,BALANCE,NATGASCM,INDPROD,YTD2023,12.3
FINLAND,BALANCE,NATGASCM,STCHANAT,2021,-10.0
FINLAND,BALANCE,NATGASCM,STCHANAT,2022,42.0
FINLAND,BALANCE,NATGASCM,STCHANAT,4Q2023,68.0
FINLAND,BALANCE,NATGASCM,STCHANAT,DEC2022,33.0
FINLAND,BALANCE,NATGASCM,STCHANAT,DEC2023,29.0
FINLAND,BALANCE,NATGASCM,STCHANAT,YTD2022,42.0
FINLAND,BALANCE,NATGASCM,STCHANAT,YTD2023,55.0
FINLAND,BALANCE,NATGASCM,TOTENTSB,2021,2630.0
FINLAND,BALANCE,NATGASCM,TOTENTSB,2022,1418.94
FINLAND,BALANCE,NATGASCM,TOTENTSB,4Q2023,583.44
FINLAND,BALANCE,NATGASCM,TOTENTSB,DEC2022,121.5
FINLAND,BALANCE,NATGASCM,TOTENTSB,DEC2023,212.0
FINLAND,BALANCE,NATGASCM,TOTENTSB,YTD2022,1418.94
FINLAND,BALANCE,NATGASCM,TOTENTSB,YTD2023,2120.16
FINLAND,BALANCE,NATGASCM,TOTEXTSB,2021,244.0
FINLAND,BALANCE,NATGASCM,TOTEXTSB,2022,107.279
FINLAND,BALANCE,NATGASCM,TOTEXTSB,4Q2023,29.544
FINLAND,BALANCE,NATGASCM,TOTEXTSB,DEC2022,0.3
FINLAND,BALANCE,NATGASCM,TOTEXTSB,DEC2023,1.33
FINLAND,BALANCE,NATGASCM,TOTEXTSB,YTD2022,107.279
FINLAND,BALANCE,NATGASCM,TOTEXTSB,YTD2023,481.744
FRANCE,BALANCE,NATGASCM,GDINCTRO,2021,40866.655
FRANCE,BALANCE,NATGASCM,GDINCTRO,2022,36964.083
FRANCE,BALANCE,NATGASCM,GDINCTRO,4Q2023,9739.574
FRANCE,BALANCE,NATGASCM,GDINCTRO,DEC2022,4944.227
FRANCE,BALANCE,NATGASCM,GDINCTRO,DEC2023,4214.08
FRANCE,BALANCE,NATGASCM,GDINCTRO,YTD2022,36964.083
FRANCE,BALANCE,NATGASCM,GDINCTRO,YTD2023,32632.592
FRANCE,BALANCE,NATGASCM,INDPROD,2021,396.261
FRANCE,BALANCE,NATGASCM,INDPROD,2022,619.428
FRANCE,BALANCE,NATGASCM,INDPROD,4Q2023,227.568
FRANCE,BALANCE,NATGASCM,INDPROD,DEC2022,61.477
FRANCE,BALANCE,NATGASCM,INDPROD,DEC2023,79.313
FRANCE,BALANCE,NATGASCM,INDPROD,YTD2022,619.428
FRANCE,BALANCE,NATGASCM,INDPROD,YTD2023,803.79
FRANCE,BALANCE,NATGASCM,STCHANAT,2021,-1553.438
FRANCE,BALANCE,NATGASCM,STCHANAT,2022,3234.671
FRANCE,BALANCE,NATGASCM,STCHANAT,4Q2023,-1140.622
FRANCE,BALANCE,NATGASCM,STCHANAT,DEC2022,-1483.65
FRANCE,BALANCE,NATGASCM,STCHANAT,DEC2023,-1440.789
FRANCE,BALANCE,NATGASCM,STCHANAT,YTD2022,3234.671
FRANCE,BALANCE,NATGASCM,STCHANAT,YTD2023,-38.196
FRANCE,BALANCE,NATGASCM,TOTENTSB,2021,45409.757
FRANCE,BALANCE,NATGASCM,TOTENTSB,2022,55302.14
FRANCE,BALANCE,NATGASCM,TOTENTSB,4Q2023,12755.572
FRANCE,BALANCE,NATGASCM,TOTENTSB,DEC2022,4944.886
FRANCE,BALANCE,NATGASCM,TOTENTSB,DEC2023,4273.119
FRANCE,BALANCE,NATGASCM,TOTENTSB,YTD2022,55302.14
FRANCE,BALANCE,NATGASCM,TOTENTSB,YTD2023,46112.536
FRANCE,BALANCE,NATGASCM,TOTEXTSB,2021,5788.097
FRANCE,BALANCE,NATGASCM,TOTEXTSB,2022,15232.416
FRANCE,BALANCE,NATGASCM,TOTEXTSB,4Q2023,4260.699
FRANCE,BALANCE,NATGASCM,TOTEXTSB,DEC2022,1474.492
FRANCE,BALANCE,NATGASCM,TOTEXTSB,DEC2023,1516.15
FRANCE,BALANCE,NATGASCM,TOTEXTSB,YTD2022,15232.416
FRANCE,BALANCE,NATGASCM,TOTEXTSB,YTD2023,14088.556
GERMANY,BALANCE,NATGASCM,GDINCTRO,2021,93626.68
GERMANY,BALANCE,NATGASCM,GDINCTRO,2022,79259.121
GERMANY,BALANCE,NATGASCM,GDINCTRO,4Q2023,22918.792
GERMANY,BALANCE,NATGASCM,GDINCTRO,DEC2022,9942.489
GERMANY,BALANCE,NATGASCM,GDINCTRO,DEC2023,9551.108
GERMANY,BALANCE,NATGASCM,GDINCTRO,YTD2022,79259.121
GERMANY,BALANCE,NATGASCM,GDINCTRO,YTD2023,76486.085
GERMANY,BALANCE,NATGASCM,INDPROD,2021,4806.0
GERMANY,BALANCE,NATGASCM,INDPROD,2022,4569.0
GERMANY,BALANCE,NATGASCM,INDPROD,4Q2023,1031.0
GERMANY,BALANCE,NATGASCM,INDPROD,DEC2022,377.0
GERMANY,BALANCE,NATGASCM,INDPROD,DEC2023,357.0
GERMANY,BALANCE,NATGASCM,INDPROD,YTD2022,4569.0
GERMANY,BALANCE,NATGASCM,INDPROD,YTD2023,4088.0
GERMANY,BALANCE,NATGASCM,STCHANAT,2021,-5667.0
GERMANY,BALANCE,NATGASCM,STCHANAT,2022,9418.0
GERMANY,BALANCE,NATGASCM,STCHANAT,4Q2023,-1001.0
GERMANY,BALANCE,NATGASCM,STCHANAT,DEC2022,-1859.0
GERMANY,BALANCE,NATGASCM,STCHANAT,DEC2023,-1270.0
GERMANY,BALANCE,NATGASCM,STCHANAT,YTD2022,9418.0
GERMANY,BALANCE,NATGASCM,STCHANAT,YTD2023,-1023.0
GERMANY,BALANCE,NATGASCM,TOTENTSB,2021,154452.948
GERMANY,BALANCE,NATGASCM,TOTENTSB,2022,133624.219
GERMANY,BALANCE,NATGASCM,TOTENTSB,4Q2023,23605.085
GERMANY,BALANCE,NATGASCM,TOTENTSB,DEC2022,9093.552
GERMANY,BALANCE,NATGASCM,TOTENTSB,DEC2023,8735.96
GERMANY,BALANCE,NATGASCM,TOTENTSB,YTD2022,133624.219
GERMANY,BALANCE,NATGASCM,TOTENTSB,YTD2023,91288.391
GERMANY,BALANCE,NATGASCM,TOTEXTSB,2021,71299.268
GERMANY,BALANCE,NATGASCM,TOTEXTSB,2022,49516.098
GERMANY,BALANCE,NATGASCM,TOTEXTSB,4Q2023,2718.293
GERMANY,BALANCE,NATGASCM,TOTEXTSB,DEC2022,1387.063
GERMANY,BALANCE,NATGASCM,TOTEXTSB,DEC2023,811.852
GERMANY,BALANCE,NATGASCM,TOTEXTSB,YTD2022,49516.098
GERMANY,BALANCE,NATGASCM,TOTEXTSB,YTD2023,20177.102
GREECE,BALANCE,NATGASCM,GDINCTRO,2021,6435.822
GREECE,BALANCE,NATGASCM,GDINCTRO,2022,5172.334
GREECE,BALANCE,NATGASCM,GDINCTRO,4Q2023,1177.759
GREECE,BALANCE,NATGASCM,GDINCTRO,DEC2022,463.528
GREECE,BALANCE,NATGASCM,GDINCTRO,DEC2023,445.017
GREECE,BALANCE,NATGASCM,GDINCTRO,YTD2022,5172.334
GREECE,BALANCE,NATGASCM,GDINCTRO,YTD2023,4650.789
GREECE,BALANCE,NATGASCM,INDPROD,2021,4.019
GREECE,BALANCE,NATGASCM,INDPROD,4Q2023,0.725
GREECE,BALANCE,NATGASCM,INDPROD,DEC2023,0.335
GREECE,BALANCE,NATGASCM,INDPROD,YTD2023,1.957
GREECE,BALANCE,NATGASCM,STCHANAT,2021,-31.599
GREECE,BALANCE,NATGASCM,STCHANAT,2022,74.814
GREECE,BALANCE,NATGASCM,STCHANAT,4Q2023,6.687
GREECE,BALANCE,NATGASCM,STCHANAT,DEC2022,82.733
GREECE,BALANCE,NATGASCM,STCHANAT,DEC2023,28.538
GREECE,BALANCE,NATGASCM,STCHANAT,YTD2022,74.814
GREECE,BALANCE,NATGASCM,STCHANAT,YTD2023,-102.8
GREECE,BALANCE,NATGASCM,TOTENTSB,2021,13337.416
GREECE,BALANCE,NATGASCM,TOTENTSB,2022,15945.201
GREECE,BALANCE,NATGASCM,TOTENTSB,4Q2023,4037.7
GREECE,BALANCE,NATGASCM,TOTENTSB,DEC2022,1568.937
GREECE,BALANCE,NATGASCM,TOTENTSB,DEC2023,1355.686
GREECE,BALANCE,NATGASCM,TOTENTSB,YTD2022,15945.201
GREECE,BALANCE,NATGASCM,TOTENTSB,YTD2023,15646.821
GREECE,BALANCE,NATGASCM,TOTEXTSB,2021,6878.297
GREECE,BALANCE,NATGASCM,TOTEXTSB,2022,10646.61
GREECE,BALANCE,NATGASCM,TOTEXTSB,4Q2023,2830.521
GREECE,BALANCE,NATGASCM,TOTEXTSB,DEC2022,1019.173
GREECE,BALANCE,NATGASCM,TOTEXTSB,DEC2023,875.503
GREECE,BALANCE,NATGASCM,TOTEXTSB,YTD2022,10646.61
GREECE,BALANCE,NATGASCM,TOTEXTSB,YTD2023,11058.012
HUNGARY,BALANCE,NATGASCM,GDINCTRO,2021,11233.062
HUNGARY,BALANCE,NATGASCM,GDINCTRO,2022,9537.859
HUNGARY,BALANCE,NATGASCM,GDINCTRO,4Q2023,2683.932
HUNGARY,BALANCE,NATGASCM,GDINCTRO,DEC2022,1182.236
HUNGARY,BALANCE,NATGASCM,GDINCTRO,DEC2023,1176.279
HUNGARY,BALANCE,NATGASCM,GDINCTRO,YTD2022,9537.859
HUNGARY,BALANCE,NATGASCM,GDINCTRO,YTD2023,8496.686
HUNGARY,BALANCE,NATGASCM,INDPROD,2021,1506.265
HUNGARY,BALANCE,NATGASCM,INDPROD,2022,1523.287
HUNGARY,BALANCE,NATGASCM,INDPROD,4Q2023,446.86
HUNGARY,BALANCE,NATGASCM,INDPROD,DEC2022,141.536
HUNGARY,BALANCE,NATGASCM,INDPROD,DEC2023,157.979
HUNGARY,BALANCE,NATGASCM,INDPROD,YTD2022,1523.287
HUNGARY,BALANCE,NATGASCM,INDPROD,YTD2023,1630.914
HUNGARY,BALANCE,NATGASCM,STCHANAT,2021,-2248.8
HUNGARY,BALANCE,NATGASCM,STCHANAT,2022,1287.5
HUNGARY,BALANCE,NATGASCM,STCHANAT,4Q2023,-509.8
HUNGARY,BALANCE,NATGASCM,STCHANAT,DEC2022,-751.4
HUNGARY,BALANCE,NATGASCM,STCHANAT,DEC2023,-518.3
HUNGARY,BALANCE,NATGASCM,STCHANAT,YTD2022,1287.5
HUNGARY,BALANCE,NATGASCM,STCHANAT,YTD2023,1335.3
HUNGARY,BALANCE,NATGASCM,TOTENTSB,2021,8447.9
HUNGARY,BALANCE,NATGASCM,TOTENTSB,2022,10892.1
HUNGARY,BALANCE,NATGASCM,TOTENTSB,4Q2023,2362.1
HUNGARY,BALANCE,NATGASCM,TOTENTSB,DEC2022,600.9
HUNGARY,BALANCE,NATGASCM,TOTENTSB,DEC2023,671.9
HUNGARY,BALANCE,NATGASCM,TOTENTSB,YTD2022,10892.1
HUNGARY,BALANCE,NATGASCM,TOTENTSB,YTD2023,10322.1
HUNGARY,BALANCE,NATGASCM,TOTEXTSB,2021,969.903
HUNGARY,BALANCE,NATGASCM,TOTEXTSB,2022,1578.4
HUNGARY,BALANCE,NATGASCM,TOTEXTSB,4Q2023,634.828
HUNGARY,BALANCE,NATGASCM,TOTEXTSB,DEC2022,311.6
HUNGARY,BALANCE,NATGASCM,TOTEXTSB,DEC2023,171.9
HUNGARY,BALANCE,NATGASCM,TOTEXTSB,YTD2022,1578.4
HUNGARY,BALANCE,NATGASCM,TOTEXTSB,YTD2023,2111.128
IRELAND,BALANCE,NATGASCM,GDINCTRO,2021,5214.865
IRELAND,BALANCE,NATGASCM,GDINCTRO,2022,5287.649
IRELAND,BALANCE,NATGASCM,GDINCTRO,4Q2023,1233.907
IRELAND,BALANCE,NATGASCM,GDINCTRO,DEC2022,519.09
IRELAND,BALANCE,NATGASCM,GDINCTRO,DEC2023,405.423
IRELAND,BALANCE,NATGASCM,GDINCTRO,YTD2022,5287.649
IRELAND,BALANCE,NATGASCM,GDINCTRO,YTD2023,4868.609
IRELAND,BALANCE,NATGASCM,INDPROD,2021,1550.865
IRELAND,BALANCE,NATGASCM,INDPROD,2022,1435.649
IRELAND,BALANCE,NATGASCM,INDPROD,4Q2023,298.897
IRELAND,BALANCE,NATGASCM,INDPROD,DEC2022,114.09
IRELAND,BALANCE,NATGASCM,INDPROD,DEC2023,99.413
IRELAND,BALANCE,NATGASCM,INDPROD,YTD2022,1435.649
IRELAND,BALANCE,NATGASCM,INDPROD,YTD2023,1152.599
IRELAND,BALANCE,NATGASCM,TOTENTSB,2021,3664.0
IRELAND,BALANCE,NATGASCM,TOTENTSB,2022,3852.0
IRELAND,BALANCE,NATGASCM,TOTENTSB,4Q2023,937.0
IRELAND,BALANCE,NATGASCM,TOTENTSB,DEC2022,405.0
IRELAND,BALANCE,NATGASCM,TOTENTSB,DEC2023,308.0
IRELAND,BALANCE,NATGASCM,TOTENTSB,YTD2022,3852.0
IRELAND,BALANCE,NATGASCM,TOTENTSB,YTD2023,3718.0
ISRAEL,BALANCE,NATGASCM,GDINCTRO,2021,10620.0
ISRAEL,BALANCE,NATGASCM,GDINCTRO,2022,10284.0
ISRAEL,BALANCE,NATGASCM,GDINCTRO,4Q2023,2571.0
ISRAEL,BALANCE,NATGASCM,GDINCTRO,DEC2022,857.0
ISRAEL,BALANCE,NATGASCM,GDINCTRO,DEC2023,857.0
ISRAEL,BALANCE,NATGASCM,GDINCTRO,YTD2022,10284.0
ISRAEL,BALANCE,NATGASCM,GDINCTRO,YTD2023,10284.0
ISRAEL,BALANCE,NATGASCM,INDPROD,2021,19320.0
ISRAEL,BALANCE,NATGASCM,INDPROD,2022,21516.0
ISRAEL,BALANCE,NATGASCM,INDPROD,4Q2023,5379.0
ISRAEL,BALANCE,NATGASCM,INDPROD,DEC2022,1793.0
ISRAEL,BALANCE,NATGASCM,INDPROD,DEC2023,1793.0
ISRAEL,BALANCE,NATGASCM,INDPROD,YTD2022,21516.0
ISRAEL,BALANCE,NATGASCM,INDPROD,YTD2023,21516.0
ISRAEL,BALANCE,NATGASCM,TOTENTSB,2021,204.0
ISRAEL,BALANCE,NATGASCM,TOTENTSB,2022,60.0
ISRAEL,BALANCE,NATGASCM,TOTENTSB,4Q2023,15.0
ISRAEL,BALANCE,NATGASCM,TOTENTSB,DEC2022,5.0
ISRAEL,BALANCE,NATGASCM,TOTENTSB,DEC2023,5.0
ISRAEL,BALANCE,NATGASCM,TOTENTSB,YTD2022,60.0
ISRAEL,BALANCE,NATGASCM,TOTENTSB,YTD2023,60.0
ISRAEL,BALANCE,NATGASCM,TOTEXTSB,2021,7152.0
ISRAEL,BALANCE,NATGASCM,TOTEXTSB,2022,9624.0
ISRAEL,BALANCE,NATGASCM,TOTEXTSB,4Q2023,2406.0
ISRAEL,BALANCE,NATGASCM,TOTEXTSB,DEC2022,802.0
ISRAEL,BALANCE,NATGASCM,TOTEXTSB,DEC2023,802.0
ISRAEL,BALANCE,NATGASCM,TOTEXTSB,YTD2022,9624.0
ISRAEL,BALANCE,NATGASCM,TOTEXTSB,YTD2023,9624.0
ITALY,BALANCE,NATGASCM,GDINCTRO,2021,76107.5
ITALY,BALANCE,NATGASCM,GDINCTRO,2022,69511.0
ITALY,BALANCE,NATGASCM,GDINCTRO,4Q2023,17314.0
ITALY,BALANCE,NATGASCM,GDINCTRO,DEC2022,8337.0
ITALY,BALANCE,NATGASCM,GDINCTRO,DEC2023,7235.0
ITALY,BALANCE,NATGASCM,GDINCTRO,YTD2022,69511.0
ITALY,BALANCE,NATGASCM,GDINCTRO,YTD2023,61714.0
ITALY,BALANCE,NATGASCM,INDPROD,2021,3334.5
ITALY,BALANCE,NATGASCM,INDPROD,2022,3328.0
ITALY,BALANCE,NATGASCM,INDPROD,4Q2023,733.0
ITALY,BALANCE,NATGASCM,INDPROD,DEC2022,280.0
ITALY,BALANCE,NATGASCM,INDPROD,DEC2023,240.0
ITALY,BALANCE,NATGASCM,INDPROD,YTD2022,3328.0
ITALY,BALANCE,NATGASCM,INDPROD,YTD2023,2987.0
ITALY,BALANCE,NATGASCM,STCHANAT,2021,-1590.0
ITALY,BALANCE,NATGASCM,STCHANAT,2022,1628.0
ITALY,BALANCE,NATGASCM,STCHANAT,4Q2023,-2556.0
ITALY,BALANCE,NATGASCM,STCHANAT,DEC2022,-2635.0
ITALY,BALANCE,NATGASCM,STCHANAT,DEC2023,-2276.0
ITALY,BALANCE,NATGASCM,STCHANAT,YTD2022,1628.0
ITALY,BALANCE,NATGASCM,STCHANAT,YTD2023,385.0
ITALY,BALANCE,NATGASCM,TOTENTSB,2021,72728.0
ITALY,BALANCE,NATGASCM,TOTENTSB,2022,72403.0
ITALY,BALANCE,NATGASCM,TOTENTSB,4Q2023,14515.0
ITALY,BALANCE,NATGASCM,TOTENTSB,DEC2022,5957.0
ITALY,BALANCE,NATGASCM,TOTENTSB,DEC2023,4836.0
ITALY,BALANCE,NATGASCM,TOTENTSB,YTD2022,72403.0
ITALY,BALANCE,NATGASCM,TOTENTSB,YTD2023,61603.0
ITALY,BALANCE,NATGASCM,TOTEXTSB,2021,1545.0
ITALY,BALANCE,NATGASCM,TOTEXTSB,2022,4592.0
ITALY,BALANCE,NATGASCM,TOTEXTSB,4Q2023,490.0
ITALY,BALANCE,NATGASCM,TOTEXTSB,DEC2022,535.0
ITALY,BALANCE,NATGASCM,TOTEXTSB,DEC2023,117.0
ITALY,BALANCE,NATGASCM,TOTEXTSB,YTD2022,4592.0
ITALY,BALANCE,NATGASCM,TOTEXTSB,YTD2023,2491.0
JAPAN,BALANCE,NATGASCM,GDINCTRO,2021,97542.785
JAPAN,BALANCE,NATGASCM,GDINCTRO,2022,95928.62
JAPAN,BALANCE,NATGASCM,GDINCTRO,4Q2023,21773.179
JAPAN,BALANCE,NATGASCM,GDINCTRO,DEC2022,9154.351
JAPAN,BALANCE,NATGASCM,GDINCTRO,DEC2023,8518.597
JAPAN,BALANCE,NATGASCM,GDINCTRO,YTD2022,95928.62
JAPAN,BALANCE,NATGASCM,GDINCTRO,YTD2023,87737.037
JAPAN,BALANCE,NATGASCM,INDPROD,2021,3933.401
JAPAN,BALANCE,NATGASCM,INDPROD,2022,4224.863
JAPAN,BALANCE,NATGASCM,INDPROD,4Q2023,1011.691
JAPAN,BALANCE,NATGASCM,INDPROD,DEC2022,404.5
JAPAN,BALANCE,NATGASCM,INDPROD,DEC2023,381.288
JAPAN,BALANCE,NATGASCM,INDPROD,YTD2022,4224.863
JAPAN,BALANCE,NATGASCM,INDPROD,YTD2023,4012.236
JAPAN,BALANCE,NATGASCM,STCHANAT,2021,2230.727
JAPAN,BALANCE,NATGASCM,STCHANAT,2022,604.84
JAPAN,BALANCE,NATGASCM,STCHANAT,4Q2023,1959.017
JAPAN,BALANCE,NATGASCM,STCHANAT,DEC2022,-717.926
JAPAN,BALANCE,NATGASCM,STCHANAT,DEC2023,496.924
JAPAN,BALANCE,NATGASCM,STCHANAT,YTD2022,604.84
JAPAN,BALANCE,NATGASCM,STCHANAT,YTD2023,407.831
JAPAN,BALANCE,NATGASCM,TOTENTSB,2021,98780.419
JAPAN,BALANCE,NATGASCM,TOTENTSB,2022,95698.533
JAPAN,BALANCE,NATGASCM,TOTENTSB,4Q2023,22914.783
JAPAN,BALANCE,NATGASCM,TOTENTSB,DEC2022,8057.25
JAPAN,BALANCE,NATGASCM,TOTENTSB,DEC2023,8634.233
JAPAN,BALANCE,NATGASCM,TOTENTSB,YTD2022,95698.533
JAPAN,BALANCE,NATGASCM,TOTENTSB,YTD2023,87926.922
KOREA,BALANCE,NATGASCM,GDINCTRO,2021,57013.0
KOREA,BALANCE,NATGASCM,GDINCTRO,2022,56476.0
KOREA,BALANCE,NATGASCM,GDINCTRO,4Q2023,15993.0
KOREA,BALANCE,NATGASCM,GDINCTRO,DEC2022,7059.0
KOREA,BALANCE,NATGASCM,GDINCTRO,DEC2023,6747.0
KOREA,BALANCE,NATGASCM,GDINCTRO,YTD2022,56476.0
KOREA,BALANCE,NATGASCM,GDINCTRO,YTD2023,58307.0
KOREA,BALANCE,NATGASCM,INDPROD,2021,56.0
KOREA,BALANCE,NATGASCM,STCHANAT,2021,412.0
KOREA,BALANCE,NATGASCM,STCHANAT,2022,1521.0
KOREA,BALANCE,NATGASCM,STCHANAT,4Q2023,184.0
KOREA,BALANCE,NATGASCM,STCHANAT,DEC2022,-1567.0
KOREA,BALANCE,NATGASCM,STCHANAT,DEC2023,132.0
KOREA,BALANCE,NATGASCM,STCHANAT,YTD2022,1521.0
KOREA,BALANCE,NATGASCM,STCHANAT,YTD2023,1148.0
KOREA,BALANCE,NATGASCM,TOTENTSB,2021,60951.0
KOREA,BALANCE,NATGASCM,TOTENTSB,2022,60951.0
KOREA,BALANCE,NATGASCM,TOTENTSB,4Q2023,16035.0
KOREA,BALANCE,NATGASCM,TOTENTSB,DEC2022,5890.0
KOREA,BALANCE,NATGASCM,TOTENTSB,DEC2023,6614.0
KOREA,BALANCE,NATGASCM,TOTENTSB,YTD2022,60951.0
KOREA,BALANCE,NATGASCM,TOTENTSB,YTD2023,60721.0
LATVIA,BALANCE,NATGASCM,GDINCTRO,2021,1187.344
LATVIA,BALANCE,NATGASCM,GDINCTRO,2022,826.037
LATVIA,BALANCE,NATGASCM,GDINCTRO,4Q2023,273.967
LATVIA,BALANCE,NATGASCM,GDINCTRO,DEC2022,151.658
LATVIA,BALANCE,NATGASCM,GDINCTRO,DEC2023,115.664
LATVIA,BALANCE,NATGASCM,GDINCTRO,YTD2022,826.037
LATVIA,BALANCE,NATGASCM,GDINCTRO,YTD2023,785.893
LATVIA,BALANCE,NATGASCM,STCHANAT,2021,-479.888
LATVIA,BALANCE,NATGASCM,STCHANAT,2022,-109.638
LATVIA,BALANCE,NATGASCM,STCHANAT,4Q2023,-270.107
LATVIA,BALANCE,NATGASCM,STCHANAT,DEC2022,-242.952
LATVIA,BALANCE,NATGASCM,STCHANAT,DEC2023,-213.51
LATVIA,BALANCE,NATGASCM,STCHANAT,YTD2022,-109.638
LATVIA,BALANCE,NATGASCM,STCHANAT,YTD2023,575.838
LATVIA,BALANCE,NATGASCM,TOTENTSB,2021,2013.083
LATVIA,BALANCE,NATGASCM,TOTENTSB,2022,1915.93
LATVIA,BALANCE,NATGASCM,TOTENTSB,4Q2023,203.69
LATVIA,BALANCE,NATGASCM,TOTENTSB,DEC2022,47.163
LATVIA,BALANCE,NATGASCM,TOTENTSB,YTD2022,1915.93
LATVIA,BALANCE,NATGASCM,TOTENTSB,YTD2023,1988.097
LATVIA,BALANCE,NATGASCM,TOTEXTSB,2021,1288.093
LATVIA,BALANCE,NATGASCM,TOTEXTSB,2022,1183.561
LATVIA,BALANCE,NATGASCM,TOTEXTSB,4Q2023,197.881
LATVIA,BALANCE,NATGASCM,TOTEXTSB,DEC2022,132.456
LATVIA,BALANCE,NATGASCM,TOTEXTSB,DEC2023,97.597
LATVIA,BALANCE,NATGASCM,TOTEXTSB,YTD2022,1183.561
LATVIA,BALANCE,NATGASCM,TOTEXTSB,YTD2023,624.794
LITHUANIA,BALANCE,NATGASCM,GDINCTRO,2021,2316.5
LITHUANIA,BALANCE,NATGASCM,GDINCTRO,2022,1649.3
LITHUANIA,BALANCE,NATGASCM,GDINCTRO,4Q2023,537.9
LITHUANIA,BALANCE,NATGASCM,GDINCTRO,DEC2022,214.0
LITHUANIA,BALANCE,NATGASCM,GDINCTRO,DEC2023,204.8
LITHUANIA,BALANCE,NATGASCM,GDINCTRO,YTD2022,1649.3
LITHUANIA,BALANCE,NATGASCM,GDINCTRO,YTD2023,1583.7
LITHUANIA,BALANCE,NATGASCM,STCHANAT,2021,19.2
LITHUANIA,BALANCE,NATGASCM,STCHANAT,2022,18.2
LITHUANIA,BALANCE,NATGASCM,STCHANAT,4Q2023,-73.9
LITHUANIA,BALANCE,NATGASCM,STCHANAT,DEC2022,14.3
LITHUANIA,BALANCE,NATGASCM,STCHANAT,DEC2023,-108.2
LITHUANIA,BALANCE,NATGASCM,STCHANAT,YTD2022,18.2
LITHUANIA,BALANCE,NATGASCM,STCHANAT,YTD2023,-62.9
LITHUANIA,BALANCE,NATGASCM,TOTENTSB,2021,5002.1
LITHUANIA,BALANCE,NATGASCM,TOTENTSB,2022,5761.4
LITHUANIA,BALANCE,NATGASCM,TOTENTSB,4Q2023,1492.6
LITHUANIA,BALANCE,NATGASCM,TOTENTSB,DEC2022,592.0
LITHUANIA,BALANCE,NATGASCM,TOTENTSB,DEC2023,363.4
LITHUANIA,BALANCE,NATGASCM,TOTENTSB,YTD2022,5761.4
LITHUANIA,BALANCE,NATGASCM,TOTENTSB,YTD2023,5523.1
LITHUANIA,BALANCE,NATGASCM,TOTEXTSB,2021,2666.4
LITHUANIA,BALANCE,NATGASCM,TOTEXTSB,2022,4093.9
LITHUANIA,BALANCE,NATGASCM,TOTEXTSB,4Q2023,1028.6
LITHUANIA,BALANCE,NATGASCM,TOTEXTSB,DEC2022,363.7
LITHUANIA,BALANCE,NATGASCM,TOTEXTSB,DEC2023,266.8
LITHUANIA,BALANCE,NATGASCM,TOTEXTSB,YTD2022,4093.9
LITHUANIA,BALANCE,NATGASCM,TOTEXTSB,YTD2023,4002.3
LUXEMBOU,BALANCE,NATGASCM,GDINCTRO,2021,761.568
LUXEMBOU,BALANCE,NATGASCM,GDINCTRO,2022,593.28
LUXEMBOU,BALANCE,NATGASCM,GDINCTRO,4Q2023,173.355
LUXEMBOU,BALANCE,NATGASCM,GDINCTRO,DEC2022,69.671
LUXEMBOU,BALANCE,NATGASCM,GDINCTRO,DEC2023,69.334
LUXEMBOU,BALANCE,NATGASCM,GDINCTRO,YTD2022,593.28
LUXEMBOU,BALANCE,NATGASCM,GDINCTRO,YTD2023,555.741
LUXEMBOU,BALANCE,NATGASCM,INDPROD,2021,4.819
LUXEMBOU,BALANCE,NATGASCM,INDPROD,2022,4.343
LUXEMBOU,BALANCE,NATGASCM,INDPROD,4Q2023,1.041
LUXEMBOU,BALANCE,NATGASCM,INDPROD,DEC2022,0.367
LUXEMBOU,BALANCE,NATGASCM,INDPROD,DEC2023,0.343
LUXEMBOU,BALANCE,NATGASCM,INDPROD,YTD2022,4.343
LUXEMBOU,BALANCE,NATGASCM,INDPROD,YTD2023,4.294
LUXEMBOU,BALANCE,NATGASCM,TOTENTSB,2021,756.75
LUXEMBOU,BALANCE,NATGASCM,TOTENTSB,2022,588.936
LUXEMBOU,BALANCE,NATGASCM,TOTENTSB,4Q2023,172.314
LUXEMBOU,BALANCE,NATGASCM,TOTENTSB,DEC2022,69.304
LUXEMBOU,BALANCE,NATGASCM,TOTENTSB,DEC2023,68.991
LUXEMBOU,BALANCE,NATGASCM,TOTENTSB,YTD2022,588.936
LUXEMBOU,BALANCE,NATGASCM,TOTENTSB,YTD2023,551.447
MEXICO,BALANCE,NATGASCM,GDINCTRO,2021,46264.0
MEXICO,BALANCE,NATGASCM,GDINCTRO,2022,44209.0
MEXICO,BALANCE,NATGASCM,GDINCTRO,4Q2023,11867.0
MEXICO,BALANCE,NATGASCM,GDINCTRO,DEC2022,3369.0
MEXICO,BALANCE,NATGASCM,GDINCTRO,DEC2023,3955.0
MEXICO,BALANCE,NATGASCM,GDINCTRO,YTD2022,44209.0
MEXICO,BALANCE,NATGASCM,GDINCTRO,YTD2023,46282.0
MEXICO,BALANCE,NATGASCM,INDPROD,2021,36928.0
MEXICO,BALANCE,NATGASCM,INDPROD,2022,38721.0
MEXICO,BALANCE,NATGASCM,INDPROD,4Q2023,10302.0
MEXICO,BALANCE,NATGASCM,INDPROD,DEC2022,3120.0
MEXICO,BALANCE,NATGASCM,INDPROD,DEC2023,3406.0
MEXICO,BALANCE,NATGASCM,INDPROD,YTD2022,38721.0
MEXICO,BALANCE,NATGASCM,INDPROD,YTD2023,41503.0
MEXICO,BALANCE,NATGASCM,TOTENTSB,2021,9348.0
MEXICO,BALANCE,NATGASCM,TOTENTSB,2022,5500.0
MEXICO,BALANCE,NATGASCM,TOTENTSB,4Q2023,1568.0
MEXICO,BALANCE,NATGASCM,TOTENTSB,DEC2022,250.0
MEXICO,BALANCE,NATGASCM,TOTENTSB,DEC2023,550.0
MEXICO,BALANCE,NATGASCM,TOTENTSB,YTD2022,5500.0
MEXICO,BALANCE,NATGASCM,TOTENTSB,YTD2023,4790.0
MEXICO,BALANCE,NATGASCM,TOTEXTSB,2021,12.0
MEXICO,BALANCE,NATGASCM,TOTEXTSB,2022,12.0
MEXICO,BALANCE,NATGASCM,TOTEXTSB,4Q2023,3.0
MEXICO,BALANCE,NATGASCM,TOTEXTSB,DEC2022,1.0
MEXICO,BALANCE,NATGASCM,TOTEXTSB,DEC2023,1.0
MEXICO,BALANCE,NATGASCM,TOTEXTSB,YTD2022,12.0
MEXICO,BALANCE,NATGASCM,TOTEXTSB,YTD2023,11.0
NETHLAND,BALANCE,NATGASCM,GDINCTRO,2021,42278.984
NETHLAND,BALANCE,NATGASCM,GDINCTRO,2022,32990.864
NETHLAND,BALANCE,NATGASCM,GDINCTRO,4Q2023,8892.78
NETHLAND,BALANCE,NATGASCM,GDINCTRO,DEC2022,4014.752
NETHLAND,BALANCE,NATGASCM,GDINCTRO,DEC2023,3578.1
NETHLAND,BALANCE,NATGASCM,GDINCTRO,YTD2022,32990.864
NETHLAND,BALANCE,NATGASCM,GDINCTRO,YTD2023,31380.803
NETHLAND,BALANCE,NATGASCM,INDPROD,2021,21962.238
NETHLAND,BALANCE,NATGASCM,INDPROD,2022,18682.332
NETHLAND,BALANCE,NATGASCM,INDPROD,4Q2023,2660.125
NETHLAND,BALANCE,NATGASCM,INDPROD,DEC2022,1583.324
NETHLAND,BALANCE,NATGASCM,INDPROD,DEC2023,878.899
NETHLAND,BALANCE,NATGASCM,INDPROD,YTD2022,18682.332
NETHLAND,BALANCE,NATGASCM,INDPROD,YTD2023,12092.801
NETHLAND,BALANCE,NATGASCM,STCHANAT,2021,-6335.147
NETHLAND,BALANCE,NATGASCM,STCHANAT,2022,6385.416
NETHLAND,BALANCE,NATGASCM,STCHANAT,4Q2023,-2003.674
NETHLAND,BALANCE,NATGASCM,STCHANAT,DEC2022,-1785.804
NETHLAND,BALANCE,NATGASCM,STCHANAT,DEC2023,-1906.771
NETHLAND,BALANCE,NATGASCM,STCHANAT,YTD2022,6385.416
NETHLAND,BALANCE,NATGASCM,STCHANAT,YTD2023,971.553
NETHLAND,BALANCE,NATGASCM,TOTENTSB,2021,57424.923
NETHLAND,BALANCE,NATGASCM,TOTENTSB,2022,61933.86
NETHLAND,BALANCE,NATGASCM,TOTENTSB,4Q2023,13536.908
NETHLAND,BALANCE,NATGASCM,TOTENTSB,DEC2022,5009.985
NETHLAND,BALANCE,NATGASCM,TOTENTSB,DEC2023,4259.878
NETHLAND,BALANCE,NATGASCM,TOTENTSB,YTD2022,61933.86
NETHLAND,BALANCE,NATGASCM,TOTENTSB,YTD2023,58909.298
NETHLAND,BALANCE,NATGASCM,TOTEXTSB,2021,43278.055
NETHLAND,BALANCE,NATGASCM,TOTEXTSB,2022,41126.258
NETHLAND,BALANCE,NATGASCM,TOTEXTSB,4Q2023,9213.866
NETHLAND,BALANCE,NATGASCM,TOTEXTSB,DEC2022,4356.168
NETHLAND,BALANCE,NATGASCM,TOTEXTSB,DEC2023,3424.386
NETHLAND,BALANCE,NATGASCM,TOTEXTSB,YTD2022,41126.258
NETHLAND,BALANCE,NATGASCM,TOTEXTSB,YTD2023,38351.455
NORWAY,BALANCE,NATGASCM,GDINCTRO,2021,4551.663
NORWAY,BALANCE,NATGASCM,GDINCTRO,2022,4386.727
NORWAY,BALANCE,NATGASCM,GDINCTRO,4Q2023,1024.954
NORWAY,BALANCE,NATGASCM,GDINCTRO,DEC2022,358.983
NORWAY,BALANCE,NATGASCM,GDINCTRO,DEC2023,357.184
NORWAY,BALANCE,NATGASCM,GDINCTRO,YTD2022,4386.727
NORWAY,BALANCE,NATGASCM,GDINCTRO,YTD2023,4073.486
NORWAY,BALANCE,NATGASCM,INDPROD,2021,118299.735
NORWAY,BALANCE,NATGASCM,INDPROD,2022,126962.647
NORWAY,BALANCE,NATGASCM,INDPROD,4Q2023,33859.47
NORWAY,BALANCE,NATGASCM,INDPROD,DEC2022,11468.34
NORWAY,BALANCE,NATGASCM,INDPROD,DEC2023,12166.439
NORWAY,BALANCE,NATGASCM,INDPROD,YTD2022,126962.647
NORWAY,BALANCE,NATGASCM,INDPROD,YTD2023,120174.309
NORWAY,BALANCE,NATGASCM,STCHANAT,2021,73.032
NORWAY,BALANCE,NATGASCM,STCHANAT,2022,-4.87
NORWAY,BALANCE,NATGASCM,STCHANAT,4Q2023,13.527
NORWAY,BALANCE,NATGASCM,STCHANAT,DEC2022,25.545
NORWAY,BALANCE,NATGASCM,STCHANAT,DEC2023,-8.17
NORWAY,BALANCE,NATGASCM,STCHANAT,YTD2022,-4.87
NORWAY,BALANCE,NATGASCM,STCHANAT,YTD2023,-4.806
NORWAY,BALANCE,NATGASCM,TOTENTSB,2021,37.048
NORWAY,BALANCE,NATGASCM,TOTENTSB,2022,67.804
NORWAY,BALANCE,NATGASCM,TOTENTSB,4Q2023,32.104
NORWAY,BALANCE,NATGASCM,TOTENTSB,DEC2022,6.647
NORWAY,BALANCE,NATGASCM,TOTENTSB,DEC2023,12.773
NORWAY,BALANCE,NATGASCM,TOTENTSB,YTD2022,67.804
NORWAY,BALANCE,NATGASCM,TOTENTSB,YTD2023,102.59
NORWAY,BALANCE,NATGASCM,TOTEXTSB,2021,111456.507
NORWAY,BALANCE,NATGASCM,TOTEXTSB,2022,119063.31
NORWAY,BALANCE,NATGASCM,TOTEXTSB,4Q2023,32642.008
NORWAY,BALANCE,NATGASCM,TOTEXTSB,DEC2022,10961.086
NORWAY,BALANCE,NATGASCM,TOTEXTSB,DEC2023,11773.919
NORWAY,BALANCE,NATGASCM,TOTEXTSB,YTD2022,119063.31
NORWAY,BALANCE,NATGASCM,TOTEXTSB,YTD2023,114930.002
NZ,BALANCE,NATGASCM,GDINCTRO,2021,3814.0
NZ,BALANCE,NATGASCM,GDINCTRO,2022,3706.0
NZ,BALANCE,NATGASCM,GDINCTRO,4Q2023,912.0
NZ,BALANCE,NATGASCM,GDINCTRO,DEC2022,269.0
NZ,BALANCE,NATGASCM,GDINCTRO,DEC2023,317.0
NZ,BALANCE,NATGASCM,GDINCTRO,YTD2022,3706.0
NZ,BALANCE,NATGASCM,GDINCTRO,YTD2023,3812.0
NZ,BALANCE,NATGASCM,INDPROD,2021,3916.0
NZ,BALANCE,NATGASCM,INDPROD,2022,3736.0
NZ,BALANCE,NATGASCM,INDPROD,4Q2023,893.0
NZ,BALANCE,NATGASCM,INDPROD,DEC2022,280.0
NZ,BALANCE,NATGASCM,INDPROD,DEC2023,312.0
NZ,BALANCE,NATGASCM,INDPROD,YTD2022,3736.0
NZ,BALANCE,NATGASCM,INDPROD,YTD2023,3795.0
NZ,BALANCE,NATGASCM,STCHANAT,2021,102.0
NZ,BALANCE,NATGASCM,STCHANAT,2022,22.0
NZ,BALANCE,NATGASCM,STCHANAT,4Q2023,-19.0
NZ,BALANCE,NATGASCM,STCHANAT,DEC2022,11.0
NZ,BALANCE,NATGASCM,STCHANAT,DEC2023,-5.0
NZ,BALANCE,NATGASCM,STCHANAT,YTD2022,22.0
NZ,BALANCE,NATGASCM,STCHANAT,YTD2023,-17.0
OECDAM,BALANCE,NATGASCM,GDINCTRO,2021,1058460.917
OECDAM,BALANCE,NATGASCM,GDINCTRO,2022,1110524.919
OECDAM,BALANCE,NATGASCM,GDINCTRO,4Q2023,291953.613
OECDAM,BALANCE,NATGASCM,GDINCTRO,DEC2022,115452.086
OECDAM,BALANCE,NATGASCM,GDINCTRO,DEC2023,108709.498
OECDAM,BALANCE,NATGASCM,GDINCTRO,YTD2022,1110524.919
OECDAM,BALANCE,NATGASCM,GDINCTRO,YTD2023,1117254.091
OECDAM,BALANCE,NATGASCM,INDPROD,2021,1208181.203
OECDAM,BALANCE,NATGASCM,INDPROD,2022,1274923.346
OECDAM,BALANCE,NATGASCM,INDPROD,4Q2023,339825.821
OECDAM,BALANCE,NATGASCM,INDPROD,DEC2022,109168.825
OECDAM,BALANCE,NATGASCM,INDPROD,DEC2023,115630.309
OECDAM,BALANCE,NATGASCM,INDPROD,YTD2022,1274923.346
OECDAM,BALANCE,NATGASCM,INDPROD,YTD2023,1325193.347
OECDAM,BALANCE,NATGASCM,STCHANAT,2021,-6504.319
OECDAM,BALANCE,NATGASCM,STCHANAT,2022,-9666.141
OECDAM,BALANCE,NATGASCM,STCHANAT,4Q2023,-1622.453
OECDAM,BALANCE,NATGASCM,STCHANAT,DEC2022,-20046.946
OECDAM,BALANCE,NATGASCM,STCHANAT,DEC2023,-9120.549
OECDAM,BALANCE,NATGASCM,STCHANAT,YTD2022,-9666.141
OECDAM,BALANCE,NATGASCM,STCHANAT,YTD2023,21900.011
OECDAM,BALANCE,NATGASCM,TOTENTSB,2021,117893.113
OECDAM,BALANCE,NATGASCM,TOTENTSB,2022,121921.289
OECDAM,BALANCE,NATGASCM,TOTENTSB,4Q2023,29692.731
OECDAM,BALANCE,NATGASCM,TOTENTSB,DEC2022,11586.988
OECDAM,BALANCE,NATGASCM,TOTENTSB,DEC2023,10861.748
OECDAM,BALANCE,NATGASCM,TOTENTSB,YTD2022,121921.289
OECDAM,BALANCE,NATGASCM,TOTENTSB,YTD2023,116648.924
OECDAM,BALANCE,NATGASCM,TOTEXTSB,2021,267948.218
OECDAM,BALANCE,NATGASCM,TOTEXTSB,2022,280779.757
OECDAM,BALANCE,NATGASCM,TOTEXTSB,4Q2023,77120.965
OECDAM,BALANCE,NATGASCM,TOTEXTSB,DEC2022,25122.873
OECDAM,BALANCE,NATGASCM,TOTEXTSB,DEC2023,27065.108
OECDAM,BALANCE,NATGASCM,TOTEXTSB,YTD2022,280779.757
OECDAM,BALANCE,NATGASCM,TOTEXTSB,YTD2023,297650.422
OECDAO,BALANCE,NATGASCM,GDINCTRO,2021,224612.785
OECDAO,BALANCE,NATGASCM,GDINCTRO,2022,225732.62
OECDAO,BALANCE,NATGASCM,GDINCTRO,4Q2023,54610.179
OECDAO,BALANCE,NATGASCM,GDINCTRO,DEC2022,21917.351
OECDAO,BALANCE,NATGASCM,GDINCTRO,DEC2023,20494.597
OECDAO,BALANCE,NATGASCM,GDINCTRO,YTD2022,225732.62
OECDAO,BALANCE,NATGASCM,GDINCTRO,YTD2023,215590.037
OECDAO,BALANCE,NATGASCM,INDPROD,2021,183487.401
OECDAO,BALANCE,NATGASCM,INDPROD,2022,192449.863
OECDAO,BALANCE,NATGASCM,INDPROD,4Q2023,47441.691
OECDAO,BALANCE,NATGASCM,INDPROD,DEC2022,16308.5
OECDAO,BALANCE,NATGASCM,INDPROD,DEC2023,16335.288
OECDAO,BALANCE,NATGASCM,INDPROD,YTD2022,192449.863
OECDAO,BALANCE,NATGASCM,INDPROD,YTD2023,190021.236
OECDAO,BALANCE,NATGASCM,STCHANAT,2021,2744.727
OECDAO,BALANCE,NATGASCM,STCHANAT,2022,2147.84
OECDAO,BALANCE,NATGASCM,STCHANAT,4Q2023,2124.017
OECDAO,BALANCE,NATGASCM,STCHANAT,DEC2022,-2273.926
OECDAO,BALANCE,NATGASCM,STCHANAT,DEC2023,623.924
OECDAO,BALANCE,NATGASCM,STCHANAT,YTD2022,2147.84
OECDAO,BALANCE,NATGASCM,STCHANAT,YTD2023,1538.831
OECDAO,BALANCE,NATGASCM,TOTENTSB,2021,166004.419
OECDAO,BALANCE,NATGASCM,TOTENTSB,2022,159574.533
OECDAO,BALANCE,NATGASCM,TOTENTSB,4Q2023,38964.783
OECDAO,BALANCE,NATGASCM,TOTENTSB,DEC2022,14057.25
OECDAO,BALANCE,NATGASCM,TOTENTSB,DEC2023,15253.233
OECDAO,BALANCE,NATGASCM,TOTENTSB,YTD2022,159574.533
OECDAO,BALANCE,NATGASCM,TOTENTSB,YTD2023,149341.922
OECDAO,BALANCE,NATGASCM,TOTEXTSB,2021,113860.0
OECDAO,BALANCE,NATGASCM,TOTEXTSB,2022,116124.0
OECDAO,BALANCE,NATGASCM,TOTEXTSB,4Q2023,29203.0
OECDAO,BALANCE,NATGASCM,TOTEXTSB,DEC2022,10160.0
OECDAO,BALANCE,NATGASCM,TOTEXTSB,DEC2023,10596.0
OECDAO,BALANCE,NATGASCM,TOTEXTSB,YTD2022,116124.0
OECDAO,BALANCE,NATGASCM,TOTEXTSB,YTD2023,115506.0
OECDEUR,BALANCE,NATGASCM,GDINCTRO,2021,537594.68
OECDEUR,BALANCE,NATGASCM,GDINCTRO,2022,470153.395
OECDEUR,BALANCE,NATGASCM,GDINCTRO,4Q2023,125544.278
OECDEUR,BALANCE,NATGASCM,GDINCTRO,DEC2022,55042.591
OECDEUR,BALANCE,NATGASCM,GDINCTRO,DEC2023,51438.338
OECDEUR,BALANCE,NATGASCM,GDINCTRO,YTD2022,470153.395
OECDEUR,BALANCE,NATGASCM,GDINCTRO,YTD2023,436713.45
OECDEUR,BALANCE,NATGASCM,INDPROD,2021,193924.343
OECDEUR,BALANCE,NATGASCM,INDPROD,2022,204422.087
OECDEUR,BALANCE,NATGASCM,INDPROD,4Q2023,48972.896
OECDEUR,BALANCE,NATGASCM,INDPROD,DEC2022,18230.438
OECDEUR,BALANCE,NATGASCM,INDPROD,DEC2023,17390.178
OECDEUR,BALANCE,NATGASCM,INDPROD,YTD2022,204422.087
OECDEUR,BALANCE,NATGASCM,INDPROD,YTD2023,184621.416
OECDEUR,BALANCE,NATGASCM,STCHANAT,2021,-23554.604
OECDEUR,BALANCE,NATGASCM,STCHANAT,2022,35578.361
OECDEUR,BALANCE,NATGASCM,STCHANAT,4Q2023,-8895.245
OECDEUR,BALANCE,NATGASCM,STCHANAT,DEC2022,-10685.713
OECDEUR,BALANCE,NATGASCM,STCHANAT,DEC2023,-9636.909
OECDEUR,BALANCE,NATGASCM,STCHANAT,YTD2022,35578.361
OECDEUR,BALANCE,NATGASCM,STCHANAT,YTD2023,3752.554
OECDEUR,BALANCE,NATGASCM,TOTENTSB,2021,738099.137
OECDEUR,BALANCE,NATGASCM,TOTENTSB,2022,697378.216
OECDEUR,BALANCE,NATGASCM,TOTENTSB,4Q2023,144069.669
OECDEUR,BALANCE,NATGASCM,TOTENTSB,DEC2022,57067.428
OECDEUR,BALANCE,NATGASCM,TOTENTSB,DEC2023,51277.425
OECDEUR,BALANCE,NATGASCM,TOTENTSB,YTD2022,697378.216
OECDEUR,BALANCE,NATGASCM,TOTENTSB,YTD2023,563348.238
OECDEUR,BALANCE,NATGASCM,TOTEXTSB,2021,414637.663
OECDEUR,BALANCE,NATGASCM,TOTEXTSB,2022,391378.492
OECDEUR,BALANCE,NATGASCM,TOTEXTSB,4Q2023,75830.014
OECDEUR,BALANCE,NATGASCM,TOTEXTSB,DEC2022,30661.412
OECDEUR,BALANCE,NATGASCM,TOTEXTSB,DEC2023,26609.787
OECDEUR,BALANCE,NATGASCM,TOTEXTSB,YTD2022,391378.492
OECDEUR,BALANCE,NATGASCM,TOTEXTSB,YTD2023,305681.578
OECDTOT,BALANCE,NATGASCM,GDINCTRO,2021,1820668.382
OECDTOT,BALANCE,NATGASCM,GDINCTRO,2022,1806410.934
OECDTOT,BALANCE,NATGASCM,GDINCTRO,4Q2023,472108.07
OECDTOT,BALANCE,NATGASCM,GDINCTRO,DEC2022,192412.028
OECDTOT,BALANCE,NATGASCM,GDINCTRO,DEC2023,180642.433
OECDTOT,BALANCE,NATGASCM,GDINCTRO,YTD2022,1806410.934
OECDTOT,BALANCE,NATGASCM,GDINCTRO,YTD2023,1769557.578
OECDTOT,BALANCE,NATGASCM,INDPROD,2021,1585592.947
OECDTOT,BALANCE,NATGASCM,INDPROD,2022,1671795.296
OECDTOT,BALANCE,NATGASCM,INDPROD,4Q2023,436240.408
OECDTOT,BALANCE,NATGASCM,INDPROD,DEC2022,143707.763
OECDTOT,BALANCE,NATGASCM,INDPROD,DEC2023,149355.775
OECDTOT,BALANCE,NATGASCM,INDPROD,YTD2022,1671795.296
OECDTOT,BALANCE,NATGASCM,INDPROD,YTD2023,1699835.999
OECDTOT,BALANCE,NATGASCM,STCHANAT,2021,-27314.196
OECDTOT,BALANCE,NATGASCM,STCHANAT,2022,28060.06
OECDTOT,BALANCE,NATGASCM,STCHANAT,4Q2023,-8393.681
OECDTOT,BALANCE,NATGASCM,STCHANAT,DEC2022,-33006.585
OECDTOT,BALANCE,NATGASCM,STCHANAT,DEC2023,-18133.534
OECDTOT,BALANCE,NATGASCM,STCHANAT,YTD2022,28060.06
OECDTOT,BALANCE,NATGASCM,STCHANAT,YTD2023,27191.396
OECDTOT,BALANCE,NATGASCM,TOTENTSB,2021,1021996.669
OECDTOT,BALANCE,NATGASCM,TOTENTSB,2022,978874.038
OECDTOT,BALANCE,NATGASCM,TOTENTSB,4Q2023,212727.183
OECDTOT,BALANCE,NATGASCM,TOTENTSB,DEC2022,82711.666
OECDTOT,BALANCE,NATGASCM,TOTENTSB,DEC2023,77392.406
OECDTOT,BALANCE,NATGASCM,TOTENTSB,YTD2022,978874.038
OECDTOT,BALANCE,NATGASCM,TOTENTSB,YTD2023,829339.084
OECDTOT,BALANCE,NATGASCM,TOTEXTSB,2021,796445.881
OECDTOT,BALANCE,NATGASCM,TOTEXTSB,2022,788282.249
OECDTOT,BALANCE,NATGASCM,TOTEXTSB,4Q2023,182153.979
OECDTOT,BALANCE,NATGASCM,TOTEXTSB,DEC2022,65944.285
OECDTOT,BALANCE,NATGASCM,TOTEXTSB,DEC2023,64270.895
OECDTOT,BALANCE,NATGASCM,TOTEXTSB,YTD2022,788282.249
OECDTOT,BALANCE,NATGASCM,TOTEXTSB,YTD2023,718838.0
POLAND,BALANCE,NATGASCM,GDINCTRO,2021,23416.605
POLAND,BALANCE,NATGASCM,GDINCTRO,2022,19439.851
POLAND,BALANCE,NATGASCM,GDINCTRO,4Q2023,6184.263
POLAND,BALANCE,NATGASCM,GDINCTRO,DEC2022,2229.949
POLAND,BALANCE,NATGASCM,GDINCTRO,DEC2023,2458.414
POLAND,BALANCE,NATGASCM,GDINCTRO,YTD2022,19439.851
POLAND,BALANCE,NATGASCM,GDINCTRO,YTD2023,20138.859
POLAND,BALANCE,NATGASCM,INDPROD,2021,5562.928
POLAND,BALANCE,NATGASCM,INDPROD,2022,5483.238
POLAND,BALANCE,NATGASCM,INDPROD,DEC2022,483.11
POLAND,BALANCE,NATGASCM,INDPROD,YTD2022,5483.238
POLAND,BALANCE,NATGASCM,INDPROD,YTD2023,3059.19
POLAND,BALANCE,NATGASCM,STCHANAT,2021,418.57
POLAND,BALANCE,NATGASCM,STCHANAT,2022,525.313
POLAND,BALANCE,NATGASCM,STCHANAT,4Q2023,-357.118
POLAND,BALANCE,NATGASCM,STCHANAT,DEC2022,-296.76
POLAND,BALANCE,NATGASCM,STCHANAT,DEC2023,-283.271
POLAND,BALANCE,NATGASCM,STCHANAT,YTD2022,525.313
POLAND,BALANCE,NATGASCM,STCHANAT,YTD2023,228.179
POLAND,BALANCE,NATGASCM,TOTENTSB,2021,39359.719
POLAND,BALANCE,NATGASCM,TOTENTSB,2022,15194.177
POLAND,BALANCE,NATGASCM,TOTENTSB,4Q2023,5915.435
POLAND,BALANCE,NATGASCM,TOTENTSB,DEC2022,1452.776
POLAND,BALANCE,NATGASCM,TOTENTSB,DEC2023,2176.636
POLAND,BALANCE,NATGASCM,TOTENTSB,YTD2022,15194.177
POLAND,BALANCE,NATGASCM,TOTENTSB,YTD2023,18121.887
POLAND,BALANCE,NATGASCM,TOTEXTSB,2021,21087.472
POLAND,BALANCE,NATGASCM,TOTEXTSB,2022,712.251
POLAND,BALANCE,NATGASCM,TOTEXTSB,4Q2023,88.29
POLAND,BALANCE,NATGASCM,TOTEXTSB,DEC2022,2.697
POLAND,BALANCE,NATGASCM,TOTEXTSB,DEC2023,1.493
POLAND,BALANCE,NATGASCM,TOTEXTSB,YTD2022,712.251
POLAND,BALANCE,NATGASCM,TOTEXTSB,YTD2023,814.46
PORTUGAL,BALANCE,NATGASCM,GDINCTRO,2021,5762.376
PORTUGAL,BALANCE,NATGASCM,GDINCTRO,2022,5493.237
PORTUGAL,BALANCE,NATGASCM,GDINCTRO,4Q2023,993.812
PORTUGAL,BALANCE,NATGASCM,GDINCTRO,DEC2022,377.06
PORTUGAL,BALANCE,NATGASCM,GDINCTRO,DEC2023,334.906
PORTUGAL,BALANCE,NATGASCM,GDINCTRO,YTD2022,5493.237
PORTUGAL,BALANCE,NATGASCM,GDINCTRO,YTD2023,4413.209
PORTUGAL,BALANCE,NATGASCM,STCHANAT,2021,4.512
PORTUGAL,BALANCE,NATGASCM,STCHANAT,2022,223.585
PORTUGAL,BALANCE,NATGASCM,STCHANAT,4Q2023,105.932
PORTUGAL,BALANCE,NATGASCM,STCHANAT,DEC2022,115.412
PORTUGAL,BALANCE,NATGASCM,STCHANAT,DEC2023,33.82
PORTUGAL,BALANCE,NATGASCM,STCHANAT,YTD2022,223.585
PORTUGAL,BALANCE,NATGASCM,STCHANAT,YTD2023,-107.793
PORTUGAL,BALANCE,NATGASCM,TOTENTSB,2021,5874.846
PORTUGAL,BALANCE,NATGASCM,TOTENTSB,2022,6179.498
PORTUGAL,BALANCE,NATGASCM,TOTENTSB,4Q2023,1268.168
PORTUGAL,BALANCE,NATGASCM,TOTENTSB,DEC2022,528.069
PORTUGAL,BALANCE,NATGASCM,TOTENTSB,DEC2023,430.308
PORTUGAL,BALANCE,NATGASCM,TOTENTSB,YTD2022,6179.498
PORTUGAL,BALANCE,NATGASCM,TOTENTSB,YTD2023,5190.542
PORTUGAL,BALANCE,NATGASCM,TOTEXTSB,2021,195.092
PORTUGAL,BALANCE,NATGASCM,TOTEXTSB,2022,384.476
PORTUGAL,BALANCE,NATGASCM,TOTEXTSB,4Q2023,168.999
PORTUGAL,BALANCE,NATGASCM,TOTEXTSB,DEC2022,35.913
PORTUGAL,BALANCE,NATGASCM,TOTEXTSB,DEC2023,60.385
PORTUGAL,BALANCE,NATGASCM,TOTEXTSB,YTD2022,384.476
PORTUGAL,BALANCE,NATGASCM,TOTEXTSB,YTD2023,905.055
SLOVAKIA,BALANCE,NATGASCM,GDINCTRO,2021,5577.669
SLOVAKIA,BALANCE,NATGASCM,GDINCTRO,2022,4518.569
SLOVAKIA,BALANCE,NATGASCM,GDINCTRO,4Q2023,1349.064
SLOVAKIA,BALANCE,NATGASCM,GDINCTRO,DEC2022,580.794
SLOVAKIA,BALANCE,NATGASCM,GDINCTRO,DEC2023,592.052
SLOVAKIA,BALANCE,NATGASCM,GDINCTRO,YTD2022,4518.569
SLOVAKIA,BALANCE,NATGASCM,GDINCTRO,YTD2023,4253.787
SLOVAKIA,BALANCE,NATGASCM,INDPROD,2021,73.905
SLOVAKIA,BALANCE,NATGASCM,INDPROD,2022,55.622
SLOVAKIA,BALANCE,NATGASCM,INDPROD,4Q2023,11.403
SLOVAKIA,BALANCE,NATGASCM,INDPROD,DEC2022,3.873
SLOVAKIA,BALANCE,NATGASCM,INDPROD,DEC2023,3.662
SLOVAKIA,BALANCE,NATGASCM,INDPROD,YTD2022,55.622
SLOVAKIA,BALANCE,NATGASCM,INDPROD,YTD2023,50.208
SLOVAKIA,BALANCE,NATGASCM,STCHANAT,2021,-1779.868
SLOVAKIA,BALANCE,NATGASCM,STCHANAT,2022,1718.367
SLOVAKIA,BALANCE,NATGASCM,STCHANAT,4Q2023,-550.272
SLOVAKIA,BALANCE,NATGASCM,STCHANAT,DEC2022,-507.663
SLOVAKIA,BALANCE,NATGASCM,STCHANAT,DEC2023,-373.982
SLOVAKIA,BALANCE,NATGASCM,STCHANAT,YTD2022,1718.367
SLOVAKIA,BALANCE,NATGASCM,STCHANAT,YTD2023,277.169
SLOVAKIA,BALANCE,NATGASCM,TOTENTSB,2021,40619.03
SLOVAKIA,BALANCE,NATGASCM,TOTENTSB,2022,25585.555
SLOVAKIA,BALANCE,NATGASCM,TOTENTSB,4Q2023,3897.154
SLOVAKIA,BALANCE,NATGASCM,TOTENTSB,DEC2022,1397.307
SLOVAKIA,BALANCE,NATGASCM,TOTENTSB,DEC2023,1466.234
SLOVAKIA,BALANCE,NATGASCM,TOTENTSB,YTD2022,25585.555
SLOVAKIA,BALANCE,NATGASCM,TOTENTSB,YTD2023,14970.71
SLOVAKIA,BALANCE,NATGASCM,TOTEXTSB,2021,36893.57
SLOVAKIA,BALANCE,NATGASCM,TOTEXTSB,2022,19394.457
SLOVAKIA,BALANCE,NATGASCM,TOTEXTSB,4Q2023,3098.241
SLOVAKIA,BALANCE,NATGASCM,TOTEXTSB,DEC2022,1320.569
SLOVAKIA,BALANCE,NATGASCM,TOTEXTSB,DEC2023,1246.541
SLOVAKIA,BALANCE,NATGASCM,TOTEXTSB,YTD2022,19394.457
SLOVAKIA,BALANCE,NATGASCM,TOTEXTSB,YTD2023,10469.919
SLOVENIA,BALANCE,NATGASCM,GDINCTRO,2021,951.567
SLOVENIA,BALANCE,NATGASCM,GDINCTRO,2022,839.615
SLOVENIA,BALANCE,NATGASCM,GDINCTRO,4Q2023,238.924
SLOVENIA,BALANCE,NATGASCM,GDINCTRO,DEC2022,90.8
SLOVENIA,BALANCE,NATGASCM,GDINCTRO,DEC2023,97.751
SLOVENIA,BALANCE,NATGASCM,GDINCTRO,YTD2022,839.615
SLOVENIA,BALANCE,NATGASCM,GDINCTRO,YTD2023,809.967
SLOVENIA,BALANCE,NATGASCM,INDPROD,2021,5.067
SLOVENIA,BALANCE,NATGASCM,INDPROD,2022,4.315
SLOVENIA,BALANCE,NATGASCM,INDPROD,4Q2023,1.024
SLOVENIA,BALANCE,NATGASCM,INDPROD,DEC2022,0.3
SLOVENIA,BALANCE,NATGASCM,INDPROD,DEC2023,0.251
SLOVENIA,BALANCE,NATGASCM,INDPROD,YTD2022,4.315
SLOVENIA,BALANCE,NATGASCM,INDPROD,YTD2023,4.467
SLOVENIA,BALANCE,NATGASCM,TOTENTSB,2021,1116.7
SLOVENIA,BALANCE,NATGASCM,TOTENTSB,2022,1247.6
SLOVENIA,BALANCE,NATGASCM,TOTENTSB,4Q2023,248.2
SLOVENIA,BALANCE,NATGASCM,TOTENTSB,DEC2022,95.9
SLOVENIA,BALANCE,NATGASCM,TOTENTSB,DEC2023,98.6
SLOVENIA,BALANCE,NATGASCM,TOTENTSB,YTD2022,1247.6
SLOVENIA,BALANCE,NATGASCM,TOTENTSB,YTD2023,990.7
SLOVENIA,BALANCE,NATGASCM,TOTEXTSB,2021,170.2
SLOVENIA,BALANCE,NATGASCM,TOTEXTSB,2022,412.3
SLOVENIA,BALANCE,NATGASCM,TOTEXTSB,4Q2023,10.3
SLOVENIA,BALANCE,NATGASCM,TOTEXTSB,DEC2022,5.4
SLOVENIA,BALANCE,NATGASCM,TOTEXTSB,DEC2023,1.1
SLOVENIA,BALANCE,NATGASCM,TOTEXTSB,YTD2022,412.3
SLOVENIA,BALANCE,NATGASCM,TOTEXTSB,YTD2023,185.2
SPAIN,BALANCE,NATGASCM,GDINCTRO,2021,33581.511
SPAIN,BALANCE,NATGASCM,GDINCTRO,2022,32309.568
SPAIN,BALANCE,NATGASCM,GDINCTRO,4Q2023,7238.147
SPAIN,BALANCE,NATGASCM,GDINCTRO,DEC2022,2441.447
SPAIN,BALANCE,NATGASCM,GDINCTRO,DEC2023,2667.344
SPAIN,BALANCE,NATGASCM,GDINCTRO,YTD2022,32309.568
SPAIN,BALANCE,NATGASCM,GDINCTRO,YTD2023,29013.061
SPAIN,BALANCE,NATGASCM,INDPROD,2021,48.037
SPAIN,BALANCE,NATGASCM,INDPROD,2022,47.023
SPAIN,BALANCE,NATGASCM,INDPROD,4Q2023,15.831
SPAIN,BALANCE,NATGASCM,INDPROD,DEC2022,4.654
SPAIN,BALANCE,NATGASCM,INDPROD,DEC2023,6.988
SPAIN,BALANCE,NATGASCM,INDPROD,YTD2022,47.023
SPAIN,BALANCE,NATGASCM,INDPROD,YTD2023,48.082
SPAIN,BALANCE,NATGASCM,STCHANAT,2021,64.45
SPAIN,BALANCE,NATGASCM,STCHANAT,2022,1083.798
SPAIN,BALANCE,NATGASCM,STCHANAT,4Q2023,-415.573
SPAIN,BALANCE,NATGASCM,STCHANAT,DEC2022,-61.138
SPAIN,BALANCE,NATGASCM,STCHANAT,DEC2023,-643.068
SPAIN,BALANCE,NATGASCM,STCHANAT,YTD2022,1083.798
SPAIN,BALANCE,NATGASCM,STCHANAT,YTD2023,-402.765
SPAIN,BALANCE,NATGASCM,TOTENTSB,2021,36969.174
SPAIN,BALANCE,NATGASCM,TOTENTSB,2022,39675.032
SPAIN,BALANCE,NATGASCM,TOTENTSB,4Q2023,8492.28
SPAIN,BALANCE,NATGASCM,TOTENTSB,DEC2022,3390.434
SPAIN,BALANCE,NATGASCM,TOTENTSB,DEC2023,2420.81
SPAIN,BALANCE,NATGASCM,TOTENTSB,YTD2022,39675.032
SPAIN,BALANCE,NATGASCM,TOTENTSB,YTD2023,35262.751
SPAIN,BALANCE,NATGASCM,TOTEXTSB,2021,3018.237
SPAIN,BALANCE,NATGASCM,TOTEXTSB,2022,6016.408
SPAIN,BALANCE,NATGASCM,TOTEXTSB,4Q2023,1609.789
SPAIN,BALANCE,NATGASCM,TOTEXTSB,DEC2022,929.613
SPAIN,BALANCE,NATGASCM,TOTEXTSB,DEC2023,357.396
SPAIN,BALANCE,NATGASCM,TOTEXTSB,YTD2022,6016.408
SPAIN,BALANCE,NATGASCM,TOTEXTSB,YTD2023,6605.632
SWEDEN,BALANCE,NATGASCM,GDINCTRO,2021,1245.811
SWEDEN,BALANCE,NATGASCM,GDINCTRO,2022,705.745
SWEDEN,BALANCE,NATGASCM,GDINCTRO,4Q2023,238.208
SWEDEN,BALANCE,NATGASCM,GDINCTRO,DEC2022,81.701
SWEDEN,BALANCE,NATGASCM,GDINCTRO,DEC2023,91.887
SWEDEN,BALANCE,NATGASCM,GDINCTRO,YTD2022,705.745
SWEDEN,BALANCE,NATGASCM,GDINCTRO,YTD2023,786.802
SWEDEN,BALANCE,NATGASCM,STCHANAT,2021,26.709
SWEDEN,BALANCE,NATGASCM,STCHANAT,2022,-10.298
SWEDEN,BALANCE,NATGASCM,STCHANAT,4Q2023,19.073
SWEDEN,BALANCE,NATGASCM,STCHANAT,DEC2022,-7.513
SWEDEN,BALANCE,NATGASCM,STCHANAT,DEC2023,10.68
SWEDEN,BALANCE,NATGASCM,STCHANAT,YTD2022,-10.298
SWEDEN,BALANCE,NATGASCM,STCHANAT,YTD2023,17.792
SWEDEN,BALANCE,NATGASCM,TOTENTSB,2021,1345.735
SWEDEN,BALANCE,NATGASCM,TOTENTSB,2022,718.82
SWEDEN,BALANCE,NATGASCM,TOTENTSB,4Q2023,269.561
SWEDEN,BALANCE,NATGASCM,TOTENTSB,DEC2022,74.684
SWEDEN,BALANCE,NATGASCM,TOTENTSB,DEC2023,106.465
SWEDEN,BALANCE,NATGASCM,TOTENTSB,YTD2022,718.82
SWEDEN,BALANCE,NATGASCM,TOTENTSB,YTD2023,849.744
SWEDEN,BALANCE,NATGASCM,TOTEXTSB,2021,51.799
SWEDEN,BALANCE,NATGASCM,TOTEXTSB,2022,9.052
SWEDEN,BALANCE,NATGASCM,TOTEXTSB,4Q2023,2.062
SWEDEN,BALANCE,NATGASCM,TOTEXTSB,DEC2022,0.496
SWEDEN,BALANCE,NATGASCM,TOTEXTSB,DEC2023,0.517
SWEDEN,BALANCE,NATGASCM,TOTEXTSB,YTD2022,9.052
SWEDEN,BALANCE,NATGASCM,TOTEXTSB,YTD2023,7.868
SWITLAND,BALANCE,NATGASCM,GDINCTRO,2021,3551.435
SWITLAND,BALANCE,NATGASCM,GDINCTRO,2022,3140.719
SWITLAND,BALANCE,NATGASCM,GDINCTRO,4Q2023,1513.977
SWITLAND,BALANCE,NATGASCM,GDINCTRO,DEC2022,429.96
SWITLAND,BALANCE,NATGASCM,GDINCTRO,DEC2023,663.853
SWITLAND,BALANCE,NATGASCM,GDINCTRO,YTD2022,3140.719
SWITLAND,BALANCE,NATGASCM,GDINCTRO,YTD2023,3540.909
SWITLAND,BALANCE,NATGASCM,INDPROD,2021,39.285
SWITLAND,BALANCE,NATGASCM,INDPROD,2022,44.866
SWITLAND,BALANCE,NATGASCM,INDPROD,4Q2023,13.074
SWITLAND,BALANCE,NATGASCM,INDPROD,DEC2022,4.115
SWITLAND,BALANCE,NATGASCM,INDPROD,DEC2023,4.151
SWITLAND,BALANCE,NATGASCM,INDPROD,YTD2022,44.866
SWITLAND,BALANCE,NATGASCM,INDPROD,YTD2023,46.229
SWITLAND,BALANCE,NATGASCM,TOTENTSB,2021,5449.894
SWITLAND,BALANCE,NATGASCM,TOTENTSB,2022,10696.913
SWITLAND,BALANCE,NATGASCM,TOTENTSB,4Q2023,2795.184
SWITLAND,BALANCE,NATGASCM,TOTENTSB,DEC2022,853.24
SWITLAND,BALANCE,NATGASCM,TOTENTSB,DEC2023,1091.013
SWITLAND,BALANCE,NATGASCM,TOTENTSB,YTD2022,10696.913
SWITLAND,BALANCE,NATGASCM,TOTENTSB,YTD2023,9784.664
SWITLAND,BALANCE,NATGASCM,TOTEXTSB,2021,1937.744
SWITLAND,BALANCE,NATGASCM,TOTEXTSB,2022,7601.06
SWITLAND,BALANCE,NATGASCM,TOTEXTSB,4Q2023,1294.281
SWITLAND,BALANCE,NATGASCM,TOTEXTSB,DEC2022,427.395
SWITLAND,BALANCE,NATGASCM,TOTEXTSB,DEC2023,431.311
SWITLAND,BALANCE,NATGASCM,TOTEXTSB,YTD2022,7601.06
SWITLAND,BALANCE,NATGASCM,TOTEXTSB,YTD2023,6289.984
TURKIYE,BALANCE,NATGASCM,GDINCTRO,2021,59650.68
TURKIYE,BALANCE,NATGASCM,GDINCTRO,2022,51040.56
TURKIYE,BALANCE,NATGASCM,GDINCTRO,4Q2023,13734.548
TURKIYE,BALANCE,NATGASCM,GDINCTRO,DEC2022,5768.31
TURKIYE,BALANCE,NATGASCM,GDINCTRO,DEC2023,5974.471
TURKIYE,BALANCE,NATGASCM,GDINCTRO,YTD2022,51040.56
TURKIYE,BALANCE,NATGASCM,GDINCTRO,YTD2023,50295.685
TURKIYE,BALANCE,NATGASCM,INDPROD,2021,393.61
TURKIYE,BALANCE,NATGASCM,INDPROD,2022,379.82
TURKIYE,BALANCE,NATGASCM,INDPROD,4Q2023,391.715
TURKIYE,BALANCE,NATGASCM,INDPROD,DEC2022,38.45
TURKIYE,BALANCE,NATGASCM,INDPROD,DEC2023,113.81
TURKIYE,BALANCE,NATGASCM,INDPROD,YTD2022,379.82
TURKIYE,BALANCE,NATGASCM,INDPROD,YTD2023,810.432
TURKIYE,BALANCE,NATGASCM,STCHANAT,2021,-937.43
TURKIYE,BALANCE,NATGASCM,STCHANAT,2022,3419.89
TURKIYE,BALANCE,NATGASCM,STCHANAT,4Q2023,-10.6
TURKIYE,BALANCE,NATGASCM,STCHANAT,DEC2022,58.61
TURKIYE,BALANCE,NATGASCM,STCHANAT,DEC2023,105.491
TURKIYE,BALANCE,NATGASCM,STCHANAT,YTD2022,3419.89
TURKIYE,BALANCE,NATGASCM,STCHANAT,YTD2023,107.94
TURKIYE,BALANCE,NATGASCM,TOTENTSB,2021,58702.16
TURKIYE,BALANCE,NATGASCM,TOTENTSB,2022,54662.06
TURKIYE,BALANCE,NATGASCM,TOTENTSB,4Q2023,13855.184
TURKIYE,BALANCE,NATGASCM,TOTENTSB,DEC2022,5808.85
TURKIYE,BALANCE,NATGASCM,TOTENTSB,DEC2023,6063.118
TURKIYE,BALANCE,NATGASCM,TOTENTSB,YTD2022,54662.06
TURKIYE,BALANCE,NATGASCM,TOTENTSB,YTD2023,50466.834
TURKIYE,BALANCE,NATGASCM,TOTEXTSB,2021,382.52
TURKIYE,BALANCE,NATGASCM,TOTEXTSB,2022,581.43
TURKIYE,BALANCE,NATGASCM,TOTEXTSB,4Q2023,522.951
TURKIYE,BALANCE,NATGASCM,TOTEXTSB,DEC2022,20.38
TURKIYE,BALANCE,NATGASCM,TOTEXTSB,DEC2023,96.966
TURKIYE,BALANCE,NATGASCM,TOTEXTSB,YTD2022,581.43
TURKIYE,BALANCE,NATGASCM,TOTEXTSB,YTD2023,873.641
UK,BALANCE,NATGASCM,GDINCTRO,2021,76273.114
UK,BALANCE,NATGASCM,GDINCTRO,2022,71028.975
UK,BALANCE,NATGASCM,GDINCTRO,4Q2023,18348.0
UK,BALANCE,NATGASCM,GDINCTRO,DEC2022,8624.815
UK,BALANCE,NATGASCM,GDINCTRO,DEC2023,7245.0
UK,BALANCE,NATGASCM,GDINCTRO,YTD2022,71028.975
UK,BALANCE,NATGASCM,GDINCTRO,YTD2023,63400.748
UK,BALANCE,NATGASCM,INDPROD,2021,33081.468
UK,BALANCE,NATGASCM,INDPROD,2022,38390.966
UK,BALANCE,NATGASCM,INDPROD,4Q2023,8563.0
UK,BALANCE,NATGASCM,INDPROD,DEC2022,3417.36
UK,BALANCE,NATGASCM,INDPROD,DEC2023,3034.0
UK,BALANCE,NATGASCM,INDPROD,YTD2022,38390.966
UK,BALANCE,NATGASCM,INDPROD,YTD2023,34826.274
UK,BALANCE,NATGASCM,STCHANAT,2021,1223.37
UK,BALANCE,NATGASCM,STCHANAT,2022,381.102
UK,BALANCE,NATGASCM,STCHANAT,4Q2023,300.0
UK,BALANCE,NATGASCM,STCHANAT,DEC2022,-206.511
UK,BALANCE,NATGASCM,STCHANAT,DEC2023,-150.0
UK,BALANCE,NATGASCM,STCHANAT,YTD2022,381.102
UK,BALANCE,NATGASCM,STCHANAT,YTD2023,629.684
UK,BALANCE,NATGASCM,TOTENTSB,2021,51070.296
UK,BALANCE,NATGASCM,TOTENTSB,2022,56523.465
UK,BALANCE,NATGASCM,TOTENTSB,4Q2023,12695.0
UK,BALANCE,NATGASCM,TOTENTSB,DEC2022,6663.255
UK,BALANCE,NATGASCM,TOTENTSB,DEC2023,5082.0
UK,BALANCE,NATGASCM,TOTENTSB,YTD2022,56523.465
UK,BALANCE,NATGASCM,TOTENTSB,YTD2023,45148.47
UK,BALANCE,NATGASCM,TOTEXTSB,2021,6815.478
UK,BALANCE,NATGASCM,TOTEXTSB,2022,23484.076
UK,BALANCE,NATGASCM,TOTEXTSB,4Q2023,2591.0
UK,BALANCE,NATGASCM,TOTEXTSB,DEC2022,1683.468
UK,BALANCE,NATGASCM,TOTEXTSB,DEC2023,989.0
UK,BALANCE,NATGASCM,TOTEXTSB,YTD2022,23484.076
UK,BALANCE,NATGASCM,TOTEXTSB,YTD2023,15848.406
USA,BALANCE,NATGASCM,GDINCTRO,2021,867788.0
USA,BALANCE,NATGASCM,GDINCTRO,2022,914300.0
USA,BALANCE,NATGASCM,GDINCTRO,4Q2023,238731.0
USA,BALANCE,NATGASCM,GDINCTRO,DEC2022,95594.0
USA,BALANCE,NATGASCM,GDINCTRO,DEC2023,89734.0
USA,BALANCE,NATGASCM,GDINCTRO,YTD2022,914300.0
USA,BALANCE,NATGASCM,GDINCTRO,YTD2023,920401.0
USA,BALANCE,NATGASCM,INDPROD,2021,979630.0
USA,BALANCE,NATGASCM,INDPROD,2022,1031473.0
USA,BALANCE,NATGASCM,INDPROD,4Q2023,275413.0
USA,BALANCE,NATGASCM,INDPROD,DEC2022,88171.0
USA,BALANCE,NATGASCM,INDPROD,DEC2023,93612.0
USA,BALANCE,NATGASCM,INDPROD,YTD2022,1031473.0
USA,BALANCE,NATGASCM,INDPROD,YTD2023,1074514.0
USA,BALANCE,NATGASCM,STCHANAT,2021,-3709.0
USA,BALANCE,NATGASCM,STCHANAT,2022,-8059.0
USA,BALANCE,NATGASCM,STCHANAT,4Q2023,-916.0
USA,BALANCE,NATGASCM,STCHANAT,DEC2022,-16301.0
USA,BALANCE,NATGASCM,STCHANAT,DEC2023,-8064.0
USA,BALANCE,NATGASCM,STCHANAT,YTD2022,-8059.0
USA,BALANCE,NATGASCM,STCHANAT,YTD2023,15067.0
USA,BALANCE,NATGASCM,TOTENTSB,2021,79516.0
USA,BALANCE,NATGASCM,TOTENTSB,2022,85638.0
USA,BALANCE,NATGASCM,TOTENTSB,4Q2023,21522.0
USA,BALANCE,NATGASCM,TOTENTSB,DEC2022,8296.0
USA,BALANCE,NATGASCM,TOTENTSB,DEC2023,7858.0
USA,BALANCE,NATGASCM,TOTENTSB,YTD2022,85638.0
USA,BALANCE,NATGASCM,TOTENTSB,YTD2023,82953.0
USA,BALANCE,NATGASCM,TOTEXTSB,2021,188376.0
USA,BALANCE,NATGASCM,TOTEXTSB,2022,195489.0
USA,BALANCE,NATGASCM,TOTEXTSB,4Q2023,57083.0
USA,BALANCE,NATGASCM,TOTEXTSB,DEC2022,16911.0
USA,BALANCE,NATGASCM,TOTEXTSB,DEC2023,20087.0
USA,BALANCE,NATGASCM,TOTEXTSB,YTD2022,195489.0
USA,BALANCE,NATGASCM,TOTEXTSB,YTD2023,215521.0
OECDAM,ENTRIES,NATGASCM,AUSTRALI,2021,8.0
OECDAM,ENTRIES,NATGASCM,AUSTRALI,2022,213.0
OECDAM,ENTRIES,NATGASCM,AUSTRALI,YTD2022,213.0
OECDAM,ENTRIES,NATGASCM,CANADA,2021,78859.0
OECDAM,ENTRIES,NATGASCM,CANADA,2022,84939.0
OECDAM,ENTRIES,NATGASCM,CANADA,4Q2023,21444.0
OECDAM,ENTRIES,NATGASCM,CANADA,DEC2022,8212.0
OECDAM,ENTRIES,NATGASCM,CANADA,DEC2023,7782.0
OECDAM,ENTRIES,NATGASCM,CANADA,YTD2022,84939.0
OECDAM,ENTRIES,NATGASCM,CANADA,YTD2023,82548.0
OECDAM,ENTRIES,NATGASCM,NIGERIA,2022,4.0
OECDAM,ENTRIES,NATGASCM,NIGERIA,YTD2022,4.0
OECDAM,ENTRIES,NATGASCM,OTHENT,2021,2678.146
OECDAM,ENTRIES,NATGASCM,OTHENT,2022,5479.578
OECDAM,ENTRIES,NATGASCM,OTHENT,4Q2023,879.427
OECDAM,ENTRIES,NATGASCM,OTHENT,DEC2022,482.8
OECDAM,ENTRIES,NATGASCM,OTHENT,DEC2023,350.0
OECDAM,ENTRIES,NATGASCM,OTHENT,YTD2022,5479.578
OECDAM,ENTRIES,NATGASCM,OTHENT,YTD2023,3962.898
OECDAM,ENTRIES,NATGASCM,OTHOECD,2021,49.0
OECDAM,ENTRIES,NATGASCM,OTHOECD,2022,32.0
OECDAM,ENTRIES,NATGASCM,OTHOECD,4Q2023,3.0
OECDAM,ENTRIES,NATGASCM,OTHOECD,DEC2022,4.0
OECDAM,ENTRIES,NATGASCM,OTHOECD,DEC2023,1.0
OECDAM,ENTRIES,NATGASCM,OTHOECD,YTD2022,32.0
OECDAM,ENTRIES,NATGASCM,OTHOECD,YTD2023,31.0
OECDAM,ENTRIES,NATGASCM,TOTENTST,2021,117893.113
OECDAM,ENTRIES,NATGASCM,TOTENTST,2022,121921.289
OECDAM,ENTRIES,NATGASCM,TOTENTST,4Q2023,29692.731
OECDAM,ENTRIES,NATGASCM,TOTENTST,DEC2022,11586.988
OECDAM,ENTRIES,NATGASCM,TOTENTST,DEC2023,10861.748
OECDAM,ENTRIES,NATGASCM,TOTENTST,YTD2022,121921.289
OECDAM,ENTRIES,NATGASCM,TOTENTST,YTD2023,116648.924
OECDAM,ENTRIES,NATGASCM,USA,2021,36298.967
OECDAM,ENTRIES,NATGASCM,USA,2022,31198.92
OECDAM,ENTRIES,NATGASCM,USA,4Q2023,7366.304
OECDAM,ENTRIES,NATGASCM,USA,DEC2022,2888.188
OECDAM,ENTRIES,NATGASCM,USA,DEC2023,2728.748
OECDAM,ENTRIES,NATGASCM,USA,YTD2022,31198.92
OECDAM,ENTRIES,NATGASCM,USA,YTD2023,30107.026
OECDAO,ENTRIES,NATGASCM,ALGERIA,2021,47.004
OECDAO,ENTRIES,NATGASCM,ALGERIA,2022,249.496
OECDAO,ENTRIES,NATGASCM,ALGERIA,4Q2023,163.808
OECDAO,ENTRIES,NATGASCM,ALGERIA,DEC2022,80.449
OECDAO,ENTRIES,NATGASCM,ALGERIA,DEC2023,86.0
OECDAO,ENTRIES,NATGASCM,ALGERIA,YTD2022,249.496
OECDAO,ENTRIES,NATGASCM,ALGERIA,YTD2023,254.808
OECDAO,ENTRIES,NATGASCM,AUSTRALI,2021,48095.138
OECDAO,ENTRIES,NATGASCM,AUSTRALI,2022,56147.781
OECDAO,ENTRIES,NATGASCM,AUSTRALI,4Q2023,13427.112
OECDAO,ENTRIES,NATGASCM,AUSTRALI,DEC2022,4793.798
OECDAO,ENTRIES,NATGASCM,AUSTRALI,DEC2023,5437.732
OECDAO,ENTRIES,NATGASCM,AUSTRALI,YTD2022,56147.781
OECDAO,ENTRIES,NATGASCM,AUSTRALI,YTD2023,50818.745
OECDAO,ENTRIES,NATGASCM,BELGIUM,2021,525.0
OECDAO,ENTRIES,NATGASCM,BELGIUM,2022,346.0
OECDAO,ENTRIES,NATGASCM,BELGIUM,YTD2022,346.0
OECDAO,ENTRIES,NATGASCM,INDONESIA,2021,5469.735
OECDAO,ENTRIES,NATGASCM,INDONESIA,2022,7436.327
OECDAO,ENTRIES,NATGASCM,INDONESIA,4Q2023,1962.862
OECDAO,ENTRIES,NATGASCM,INDONESIA,DEC2022,832.232
OECDAO,ENTRIES,NATGASCM,INDONESIA,DEC2023,825.925
OECDAO,ENTRIES,NATGASCM,INDONESIA,YTD2022,7436.327
OECDAO,ENTRIES,NATGASCM,INDONESIA,YTD2023,7702.649
OECDAO,ENTRIES,NATGASCM,MALAYSIA,2021,18614.455
OECDAO,ENTRIES,NATGASCM,MALAYSIA,2022,23149.902
OECDAO,ENTRIES,NATGASCM,MALAYSIA,4Q2023,6023.356
OECDAO,ENTRIES,NATGASCM,MALAYSIA,DEC2022,1860.025
OECDAO,ENTRIES,NATGASCM,MALAYSIA,DEC2023,2379.57
OECDAO,ENTRIES,NATGASCM,MALAYSIA,YTD2022,23149.902
OECDAO,ENTRIES,NATGASCM,MALAYSIA,YTD2023,22128.898
OECDAO,ENTRIES,NATGASCM,NIGERIA,2021,2061.071
OECDAO,ENTRIES,NATGASCM,NIGERIA,2022,1991.265
OECDAO,ENTRIES,NATGASCM,NIGERIA,4Q2023,820.804
OECDAO,ENTRIES,NATGASCM,NIGERIA,DEC2022,154.353
OECDAO,ENTRIES,NATGASCM,NIGERIA,DEC2023,167.0
OECDAO,ENTRIES,NATGASCM,NIGERIA,YTD2022,1991.265
OECDAO,ENTRIES,NATGASCM,NIGERIA,YTD2023,1155.804
OECDAO,ENTRIES,NATGASCM,OMAN,2021,8533.159
OECDAO,ENTRIES,NATGASCM,OMAN,2022,9738.659
OECDAO,ENTRIES,NATGASCM,OMAN,4Q2023,2299.326
OECDAO,ENTRIES,NATGASCM,OMAN,DEC2022,806.804
OECDAO,ENTRIES,NATGASCM,OMAN,DEC2023,882.256
OECDAO,ENTRIES,NATGASCM,OMAN,YTD2022,9738.659
OECDAO,ENTRIES,NATGASCM,OMAN,YTD2023,9953.485
OECDAO,ENTRIES,NATGASCM,OTHENT,2021,22686.742
OECDAO,ENTRIES,NATGASCM,OTHENT,2022,18983.374
OECDAO,ENTRIES,NATGASCM,OTHENT,4Q2023,3606.949
OECDAO,ENTRIES,NATGASCM,OTHENT,DEC2022,1451.13
OECDAO,ENTRIES,NATGASCM,OTHENT,DEC2023,1476.765
OECDAO,ENTRIES,NATGASCM,OTHENT,YTD2022,18983.374
OECDAO,ENTRIES,NATGASCM,OTHENT,YTD2023,16664.275
OECDAO,ENTRIES,NATGASCM,OTHOECD,2021,15.0
OECDAO,ENTRIES,NATGASCM,OTHOECD,4Q2023,170.0
OECDAO,ENTRIES,NATGASCM,OTHOECD,DEC2023,170.0
OECDAO,ENTRIES,NATGASCM,OTHOECD,YTD2023,170.0
OECDAO,ENTRIES,NATGASCM,QATAR,2021,27223.099
OECDAO,ENTRIES,NATGASCM,QATAR,2022,16848.773
OECDAO,ENTRIES,NATGASCM,QATAR,4Q2023,3183.414
OECDAO,ENTRIES,NATGASCM,QATAR,DEC2022,1931.825
OECDAO,ENTRIES,NATGASCM,QATAR,DEC2023,1086.889
OECDAO,ENTRIES,NATGASCM,QATAR,YTD2022,16848.773
OECDAO,ENTRIES,NATGASCM,QATAR,YTD2023,15573.199
OECDAO,ENTRIES,NATGASCM,RUSSIA,2021,11920.613
OECDAO,ENTRIES,NATGASCM,RUSSIA,2022,11542.621
OECDAO,ENTRIES,NATGASCM,RUSSIA,4Q2023,3435.904
OECDAO,ENTRIES,NATGASCM,RUSSIA,DEC2022,1028.855
OECDAO,ENTRIES,NATGASCM,RUSSIA,DEC2023,1367.658
OECDAO,ENTRIES,NATGASCM,RUSSIA,YTD2022,11542.621
OECDAO,ENTRIES,NATGASCM,RUSSIA,YTD2023,10510.351
OECDAO,ENTRIES,NATGASCM,TOTENTST,2021,166004.419
OECDAO,ENTRIES,NATGASCM,TOTENTST,2022,159574.533
OECDAO,ENTRIES,NATGASCM,TOTENTST,4Q2023,38964.783
OECDAO,ENTRIES,NATGASCM,TOTENTST,DEC2022,14057.25
OECDAO,ENTRIES,NATGASCM,TOTENTST,DEC2023,15253.233
OECDAO,ENTRIES,NATGASCM,TOTENTST,YTD2022,159574.533
OECDAO,ENTRIES,NATGASCM,TOTENTST,YTD2023,149341.922
OECDAO,ENTRIES,NATGASCM,UK,4Q2023,0.0
OECDAO,ENTRIES,NATGASCM,UK,YTD2023,0.0
OECDAO,ENTRIES,NATGASCM,USA,2021,20654.403
OECDAO,ENTRIES,NATGASCM,USA,2022,13140.335
OECDAO,ENTRIES,NATGASCM,USA,4Q2023,3871.248
OECDAO,ENTRIES,NATGASCM,USA,DEC2022,1117.779
OECDAO,ENTRIES,NATGASCM,USA,DEC2023,1373.438
OECDAO,ENTRIES,NATGASCM,USA,YTD2022,13140.335
OECDAO,ENTRIES,NATGASCM,USA,YTD2023,14409.708
OECDEUR,ENTRIES,NATGASCM,ALGERIA,2021,27382.773
OECDEUR,ENTRIES,NATGASCM,ALGERIA,2022,37454.863
OECDEUR,ENTRIES,NATGASCM,ALGERIA,4Q2023,11037.229
OECDEUR,ENTRIES,NATGASCM,ALGERIA,DEC2022,4056.367
OECDEUR,ENTRIES,NATGASCM,ALGERIA,DEC2023,3383.576
OECDEUR,ENTRIES,NATGASCM,ALGERIA,YTD2022,37454.863
OECDEUR,ENTRIES,NATGASCM,ALGERIA,YTD2023,38139.724
OECDEUR,ENTRIES,NATGASCM,AUSTRALI,2021,74.904
OECDEUR,ENTRIES,NATGASCM,AUSTRALI,2022,165.276
OECDEUR,ENTRIES,NATGASCM,AUSTRALI,YTD2022,165.276
OECDEUR,ENTRIES,NATGASCM,AUSTRALI,YTD2023,6.264
OECDEUR,ENTRIES,NATGASCM,BELARUS,2021,33429.17
OECDEUR,ENTRIES,NATGASCM,BELARUS,2022,4861.036
OECDEUR,ENTRIES,NATGASCM,BELARUS,4Q2023,747.3
OECDEUR,ENTRIES,NATGASCM,BELARUS,DEC2022,231.8
OECDEUR,ENTRIES,NATGASCM,BELARUS,DEC2023,262.9
OECDEUR,ENTRIES,NATGASCM,BELARUS,YTD2022,4861.036
OECDEUR,ENTRIES,NATGASCM,BELARUS,YTD2023,2130.3
OECDEUR,ENTRIES,NATGASCM,BELGIUM,2021,19077.661
OECDEUR,ENTRIES,NATGASCM,BELGIUM,2022,42805.903
OECDEUR,ENTRIES,NATGASCM,BELGIUM,4Q2023,7824.757
OECDEUR,ENTRIES,NATGASCM,BELGIUM,DEC2022,3615.258
OECDEUR,ENTRIES,NATGASCM,BELGIUM,DEC2023,2467.084
OECDEUR,ENTRIES,NATGASCM,BELGIUM,YTD2022,42805.903
OECDEUR,ENTRIES,NATGASCM,BELGIUM,YTD2023,35123.035
OECDEUR,ENTRIES,NATGASCM,BULGARIA,2021,2604.046
OECDEUR,ENTRIES,NATGASCM,BULGARIA,2022,816.425
OECDEUR,ENTRIES,NATGASCM,BULGARIA,4Q2023,576.473
OECDEUR,ENTRIES,NATGASCM,BULGARIA,DEC2022,65.588
OECDEUR,ENTRIES,NATGASCM,BULGARIA,DEC2023,182.55
OECDEUR,ENTRIES,NATGASCM,BULGARIA,YTD2022,816.425
OECDEUR,ENTRIES,NATGASCM,BULGARIA,YTD2023,1333.599
OECDEUR,ENTRIES,NATGASCM,FRANCE,2021,6867.119
OECDEUR,ENTRIES,NATGASCM,FRANCE,2022,16549.41
OECDEUR,ENTRIES,NATGASCM,FRANCE,4Q2023,4747.892
OECDEUR,ENTRIES,NATGASCM,FRANCE,DEC2022,1496.053
OECDEUR,ENTRIES,NATGASCM,FRANCE,DEC2023,1720.489
OECDEUR,ENTRIES,NATGASCM,FRANCE,YTD2022,16549.41
OECDEUR,ENTRIES,NATGASCM,FRANCE,YTD2023,15781.153
OECDEUR,ENTRIES,NATGASCM,GERMANY,2021,77878.826
OECDEUR,ENTRIES,NATGASCM,GERMANY,2022,56212.911
OECDEUR,ENTRIES,NATGASCM,GERMANY,4Q2023,3108.671
OECDEUR,ENTRIES,NATGASCM,GERMANY,DEC2022,2090.312
OECDEUR,ENTRIES,NATGASCM,GERMANY,DEC2023,980.776
OECDEUR,ENTRIES,NATGASCM,GERMANY,YTD2022,56212.911
OECDEUR,ENTRIES,NATGASCM,GERMANY,YTD2023,22885.217
OECDEUR,ENTRIES,NATGASCM,INDONESIA,2022,111.67
OECDEUR,ENTRIES,NATGASCM,INDONESIA,DEC2022,87.99
OECDEUR,ENTRIES,NATGASCM,INDONESIA,YTD2022,111.67
OECDEUR,ENTRIES,NATGASCM,MALAYSIA,2022,6.976
OECDEUR,ENTRIES,NATGASCM,MALAYSIA,YTD2022,6.976
OECDEUR,ENTRIES,NATGASCM,NIGERIA,2021,15029.966
OECDEUR,ENTRIES,NATGASCM,NIGERIA,2022,14496.661
OECDEUR,ENTRIES,NATGASCM,NIGERIA,4Q2023,2056.094
OECDEUR,ENTRIES,NATGASCM,NIGERIA,DEC2022,1177.851
OECDEUR,ENTRIES,NATGASCM,NIGERIA,DEC2023,814.391
OECDEUR,ENTRIES,NATGASCM,NIGERIA,YTD2022,14496.661
OECDEUR,ENTRIES,NATGASCM,NIGERIA,YTD2023,10456.934
OECDEUR,ENTRIES,NATGASCM,NORWAY,2021,118601.484
OECDEUR,ENTRIES,NATGASCM,NORWAY,2022,124376.984
OECDEUR,ENTRIES,NATGASCM,NORWAY,4Q2023,32924.687
OECDEUR,ENTRIES,NATGASCM,NORWAY,DEC2022,11433.418
OECDEUR,ENTRIES,NATGASCM,NORWAY,DEC2023,11974.379
OECDEUR,ENTRIES,NATGASCM,NORWAY,YTD2022,124376.984
OECDEUR,ENTRIES,NATGASCM,NORWAY,YTD2023,117870.695
OECDEUR,ENTRIES,NATGASCM,OMAN,2021,0.024
OECDEUR,ENTRIES,NATGASCM,OMAN,2022,833.55
OECDEUR,ENTRIES,NATGASCM,OMAN,YTD2022,833.55
OECDEUR,ENTRIES,NATGASCM,OMAN,YTD2023,349.691
OECDEUR,ENTRIES,NATGASCM,OTHENT,2021,39692.848
OECDEUR,ENTRIES,NATGASCM,OTHENT,2022,55856.331
OECDEUR,ENTRIES,NATGASCM,OTHENT,4Q2023,17415.189
OECDEUR,ENTRIES,NATGASCM,OTHENT,DEC2022,6883.619
OECDEUR,ENTRIES,NATGASCM,OTHENT,DEC2023,5835.15
OECDEUR,ENTRIES,NATGASCM,OTHENT,YTD2022,55856.331
OECDEUR,ENTRIES,NATGASCM,OTHENT,YTD2023,60017.521
OECDEUR,ENTRIES,NATGASCM,OTHOECD,2021,76256.95
OECDEUR,ENTRIES,NATGASCM,OTHOECD,2022,44455.954
OECDEUR,ENTRIES,NATGASCM,OTHOECD,4Q2023,8950.144
OECDEUR,ENTRIES,NATGASCM,OTHOECD,DEC2022,3400.578
OECDEUR,ENTRIES,NATGASCM,OTHOECD,DEC2023,2869.959
OECDEUR,ENTRIES,NATGASCM,OTHOECD,YTD2022,44455.954
OECDEUR,ENTRIES,NATGASCM,OTHOECD,YTD2023,37191.616
OECDEUR,ENTRIES,NATGASCM,QATAR,2021,22447.666
OECDEUR,ENTRIES,NATGASCM,QATAR,2022,33247.505
OECDEUR,ENTRIES,NATGASCM,QATAR,4Q2023,5481.02
OECDEUR,ENTRIES,NATGASCM,QATAR,DEC2022,2538.668
OECDEUR,ENTRIES,NATGASCM,QATAR,DEC2023,2145.128
OECDEUR,ENTRIES,NATGASCM,QATAR,YTD2022,33247.505
OECDEUR,ENTRIES,NATGASCM,QATAR,YTD2023,24874.989
OECDEUR,ENTRIES,NATGASCM,RUSSIA,2021,104321.233
OECDEUR,ENTRIES,NATGASCM,RUSSIA,2022,68924.232
OECDEUR,ENTRIES,NATGASCM,RUSSIA,4Q2023,10664.602
OECDEUR,ENTRIES,NATGASCM,RUSSIA,DEC2022,3430.185
OECDEUR,ENTRIES,NATGASCM,RUSSIA,DEC2023,3728.879
OECDEUR,ENTRIES,NATGASCM,RUSSIA,YTD2022,68924.232
OECDEUR,ENTRIES,NATGASCM,RUSSIA,YTD2023,38496.56
OECDEUR,ENTRIES,NATGASCM,SLOVAKIA,2021,36453.746
OECDEUR,ENTRIES,NATGASCM,SLOVAKIA,2022,19060.738
OECDEUR,ENTRIES,NATGASCM,SLOVAKIA,4Q2023,3134.033
OECDEUR,ENTRIES,NATGASCM,SLOVAKIA,DEC2022,1342.123
OECDEUR,ENTRIES,NATGASCM,SLOVAKIA,DEC2023,1279.534
OECDEUR,ENTRIES,NATGASCM,SLOVAKIA,YTD2022,19060.738
OECDEUR,ENTRIES,NATGASCM,SLOVAKIA,YTD2023,9075.442
OECDEUR,ENTRIES,NATGASCM,SWITLAND,2021,2197.315
OECDEUR,ENTRIES,NATGASCM,SWITLAND,2022,9147.948
OECDEUR,ENTRIES,NATGASCM,SWITLAND,4Q2023,1541.774
OECDEUR,ENTRIES,NATGASCM,SWITLAND,DEC2022,687.866
OECDEUR,ENTRIES,NATGASCM,SWITLAND,DEC2023,520.765
OECDEUR,ENTRIES,NATGASCM,SWITLAND,YTD2022,9147.948
OECDEUR,ENTRIES,NATGASCM,SWITLAND,YTD2023,7088.199
OECDEUR,ENTRIES,NATGASCM,TOTENTST,2021,738099.137
OECDEUR,ENTRIES,NATGASCM,TOTENTST,2022,697378.216
OECDEUR,ENTRIES,NATGASCM,TOTENTST,4Q2023,144069.669
OECDEUR,ENTRIES,NATGASCM,TOTENTST,DEC2022,57067.428
OECDEUR,ENTRIES,NATGASCM,TOTENTST,DEC2023,51277.425
OECDEUR,ENTRIES,NATGASCM,TOTENTST,YTD2022,697378.216
OECDEUR,ENTRIES,NATGASCM,TOTENTST,YTD2023,563348.238
OECDEUR,ENTRIES,NATGASCM,TUNISIA,2021,21169.0
OECDEUR,ENTRIES,NATGASCM,TUNISIA,2022,23554.3
OECDEUR,ENTRIES,NATGASCM,TUNISIA,4Q2023,5304.0
OECDEUR,ENTRIES,NATGASCM,TUNISIA,DEC2022,2301.0
OECDEUR,ENTRIES,NATGASCM,TUNISIA,DEC2023,1782.0
OECDEUR,ENTRIES,NATGASCM,TUNISIA,YTD2022,23554.3
OECDEUR,ENTRIES,NATGASCM,TUNISIA,YTD2023,23040.0
OECDEUR,ENTRIES,NATGASCM,UK,2021,7662.281
OECDEUR,ENTRIES,NATGASCM,UK,2022,24438.087
OECDEUR,ENTRIES,NATGASCM,UK,4Q2023,2571.544
OECDEUR,ENTRIES,NATGASCM,UK,DEC2022,1679.845
OECDEUR,ENTRIES,NATGASCM,UK,DEC2023,989.636
OECDEUR,ENTRIES,NATGASCM,UK,YTD2022,24438.087
OECDEUR,ENTRIES,NATGASCM,UK,YTD2023,16163.623
OECDEUR,ENTRIES,NATGASCM,UKRAINE,2021,37559.414
OECDEUR,ENTRIES,NATGASCM,UKRAINE,2022,17384.931
OECDEUR,ENTRIES,NATGASCM,UKRAINE,4Q2023,4025.94
OECDEUR,ENTRIES,NATGASCM,UKRAINE,DEC2022,1313.433
OECDEUR,ENTRIES,NATGASCM,UKRAINE,DEC2023,1715.855
OECDEUR,ENTRIES,NATGASCM,UKRAINE,YTD2022,17384.931
OECDEUR,ENTRIES,NATGASCM,UKRAINE,YTD2023,12975.026
OECDEUR,ENTRIES,NATGASCM,USA,2021,23077.955
OECDEUR,ENTRIES,NATGASCM,USA,2022,53196.089
OECDEUR,ENTRIES,NATGASCM,USA,4Q2023,14830.128
OECDEUR,ENTRIES,NATGASCM,USA,DEC2022,5156.833
OECDEUR,ENTRIES,NATGASCM,USA,DEC2023,5921.574
OECDEUR,ENTRIES,NATGASCM,USA,YTD2022,53196.089
OECDEUR,ENTRIES,NATGASCM,USA,YTD2023,57303.456
OECDTOT,ENTRIES,NATGASCM,ALGERIA,2021,27429.777
OECDTOT,ENTRIES,NATGASCM,ALGERIA,2022,37704.359
OECDTOT,ENTRIES,NATGASCM,ALGERIA,4Q2023,11201.037
OECDTOT,ENTRIES,NATGASCM,ALGERIA,DEC2022,4136.816
OECDTOT,ENTRIES,NATGASCM,ALGERIA,DEC2023,3469.576
OECDTOT,ENTRIES,NATGASCM,ALGERIA,YTD2022,37704.359
OECDTOT,ENTRIES,NATGASCM,ALGERIA,YTD2023,38394.532
OECDTOT,ENTRIES,NATGASCM,AUSTRALI,2021,48178.042
OECDTOT,ENTRIES,NATGASCM,AUSTRALI,2022,56526.057
OECDTOT,ENTRIES,NATGASCM,AUSTRALI,4Q2023,13427.112
OECDTOT,ENTRIES,NATGASCM,AUSTRALI,DEC2022,4793.798
OECDTOT,ENTRIES,NATGASCM,AUSTRALI,DEC2023,5437.732
OECDTOT,ENTRIES,NATGASCM,AUSTRALI,YTD2022,56526.057
OECDTOT,ENTRIES,NATGASCM,AUSTRALI,YTD2023,50825.009
OECDTOT,ENTRIES,NATGASCM,BELARUS,2021,33429.17
OECDTOT,ENTRIES,NATGASCM,BELARUS,2022,4861.036
OECDTOT,ENTRIES,NATGASCM,BELARUS,4Q2023,747.3
OECDTOT,ENTRIES,NATGASCM,BELARUS,DEC2022,231.8
OECDTOT,ENTRIES,NATGASCM,BELARUS,DEC2023,262.9
OECDTOT,ENTRIES,NATGASCM,BELARUS,YTD2022,4861.036
OECDTOT,ENTRIES,NATGASCM,BELARUS,YTD2023,2130.3
OECDTOT,ENTRIES,NATGASCM,BELGIUM,2021,19602.661
OECDTOT,ENTRIES,NATGASCM,BELGIUM,2022,43151.903
OECDTOT,ENTRIES,NATGASCM,BELGIUM,4Q2023,7824.757
OECDTOT,ENTRIES,NATGASCM,BELGIUM,DEC2022,3615.258
OECDTOT,ENTRIES,NATGASCM,BELGIUM,DEC2023,2467.084
OECDTOT,ENTRIES,NATGASCM,BELGIUM,YTD2022,43151.903
OECDTOT,ENTRIES,NATGASCM,BELGIUM,YTD2023,35123.035
OECDTOT,ENTRIES,NATGASCM,BULGARIA,2021,2604.046
OECDTOT,ENTRIES,NATGASCM,BULGARIA,2022,816.425
OECDTOT,ENTRIES,NATGASCM,BULGARIA,4Q2023,576.473
OECDTOT,ENTRIES,NATGASCM,BULGARIA,DEC2022,65.588
OECDTOT,ENTRIES,NATGASCM,BULGARIA,DEC2023,182.55
OECDTOT,ENTRIES,NATGASCM,BULGARIA,YTD2022,816.425
OECDTOT,ENTRIES,NATGASCM,BULGARIA,YTD2023,1333.599
OECDTOT,ENTRIES,NATGASCM,CANADA,2021,78859.0
OECDTOT,ENTRIES,NATGASCM,CANADA,2022,84939.0
OECDTOT,ENTRIES,NATGASCM,CANADA,4Q2023,21444.0
OECDTOT,ENTRIES,NATGASCM,CANADA,DEC2022,8212.0
OECDTOT,ENTRIES,NATGASCM,CANADA,DEC2023,7782.0
OECDTOT,ENTRIES,NATGASCM,CANADA,YTD2022,84939.0
OECDTOT,ENTRIES,NATGASCM,CANADA,YTD2023,82548.0
OECDTOT,ENTRIES,NATGASCM,FRANCE,2021,6867.119
OECDTOT,ENTRIES,NATGASCM,FRANCE,2022,16549.41
OECDTOT,ENTRIES,NATGASCM,FRANCE,4Q2023,4747.892
OECDTOT,ENTRIES,NATGASCM,FRANCE,DEC2022,1496.053
OECDTOT,ENTRIES,NATGASCM,FRANCE,DEC2023,1720.489
OECDTOT,ENTRIES,NATGASCM,FRANCE,YTD2022,16549.41
OECDTOT,ENTRIES,NATGASCM,FRANCE,YTD2023,15781.153
OECDTOT,ENTRIES,NATGASCM,GERMANY,2021,77878.826
OECDTOT,ENTRIES,NATGASCM,GERMANY,2022,56212.911
OECDTOT,ENTRIES,NATGASCM,GERMANY,4Q2023,3108.671
OECDTOT,ENTRIES,NATGASCM,GERMANY,DEC2022,2090.312
OECDTOT,ENTRIES,NATGASCM,GERMANY,DEC2023,980.776
OECDTOT,ENTRIES,NATGASCM,GERMANY,YTD2022,56212.911
OECDTOT,ENTRIES,NATGASCM,GERMANY,YTD2023,22885.217
OECDTOT,ENTRIES,NATGASCM,INDONESIA,2021,5469.735
OECDTOT,ENTRIES,NATGASCM,INDONESIA,2022,7547.997
OECDTOT,ENTRIES,NATGASCM,INDONESIA,4Q2023,1962.862
OECDTOT,ENTRIES,NATGASCM,INDONESIA,DEC2022,920.222
OECDTOT,ENTRIES,NATGASCM,INDONESIA,DEC2023,825.925
OECDTOT,ENTRIES,NATGASCM,INDONESIA,YTD2022,7547.997
OECDTOT,ENTRIES,NATGASCM,INDONESIA,YTD2023,7702.649
OECDTOT,ENTRIES,NATGASCM,MALAYSIA,2021,18614.455
OECDTOT,ENTRIES,NATGASCM,MALAYSIA,2022,23156.878
OECDTOT,ENTRIES,NATGASCM,MALAYSIA,4Q2023,6023.356
OECDTOT,ENTRIES,NATGASCM,MALAYSIA,DEC2022,1860.025
OECDTOT,ENTRIES,NATGASCM,MALAYSIA,DEC2023,2379.57
OECDTOT,ENTRIES,NATGASCM,MALAYSIA,YTD2022,23156.878
OECDTOT,ENTRIES,NATGASCM,MALAYSIA,YTD2023,22128.898
OECDTOT,ENTRIES,NATGASCM,NIGERIA,2021,17091.037
OECDTOT,ENTRIES,NATGASCM,NIGERIA,2022,16491.926
OECDTOT,ENTRIES,NATGASCM,NIGERIA,4Q2023,2876.898
OECDTOT,ENTRIES,NATGASCM,NIGERIA,DEC2022,1332.204
OECDTOT,ENTRIES,NATGASCM,NIGERIA,DEC2023,981.391
OECDTOT,ENTRIES,NATGASCM,NIGERIA,YTD2022,16491.926
OECDTOT,ENTRIES,NATGASCM,NIGERIA,YTD2023,11612.738
OECDTOT,ENTRIES,NATGASCM,NORWAY,2021,118601.484
OECDTOT,ENTRIES,NATGASCM,NORWAY,2022,124376.984
OECDTOT,ENTRIES,NATGASCM,NORWAY,4Q2023,32924.687
OECDTOT,ENTRIES,NATGASCM,NORWAY,DEC2022,11433.418
OECDTOT,ENTRIES,NATGASCM,NORWAY,DEC2023,11974.379
OECDTOT,ENTRIES,NATGASCM,NORWAY,YTD2022,124376.984
OECDTOT,ENTRIES,NATGASCM,NORWAY,YTD2023,117870.695
OECDTOT,ENTRIES,NATGASCM,OMAN,2021,8533.183
OECDTOT,ENTRIES,NATGASCM,OMAN,2022,10572.209
OECDTOT,ENTRIES,NATGASCM,OMAN,4Q2023,2299.326
OECDTOT,ENTRIES,NATGASCM,OMAN,DEC2022,806.804
OECDTOT,ENTRIES,NATGASCM,OMAN,DEC2023,882.256
OECDTOT,ENTRIES,NATGASCM,OMAN,YTD2022,10572.209
OECDTOT,ENTRIES,NATGASCM,OMAN,YTD2023,10303.176
OECDTOT,ENTRIES,NATGASCM,OTHENT,2021,65057.736
OECDTOT,ENTRIES,NATGASCM,OTHENT,2022,80319.283
OECDTOT,ENTRIES,NATGASCM,OTHENT,4Q2023,21901.565
OECDTOT,ENTRIES,NATGASCM,OTHENT,DEC2022,8817.549
OECDTOT,ENTRIES,NATGASCM,OTHENT,DEC2023,7661.915
OECDTOT,ENTRIES,NATGASCM,OTHENT,YTD2022,80319.283
OECDTOT,ENTRIES,NATGASCM,OTHENT,YTD2023,80644.694
OECDTOT,ENTRIES,NATGASCM,OTHOECD,2021,76320.95
OECDTOT,ENTRIES,NATGASCM,OTHOECD,2022,44487.954
OECDTOT,ENTRIES,NATGASCM,OTHOECD,4Q2023,9123.144
OECDTOT,ENTRIES,NATGASCM,OTHOECD,DEC2022,3404.578
OECDTOT,ENTRIES,NATGASCM,OTHOECD,DEC2023,3040.959
OECDTOT,ENTRIES,NATGASCM,OTHOECD,YTD2022,44487.954
OECDTOT,ENTRIES,NATGASCM,OTHOECD,YTD2023,37392.616
OECDTOT,ENTRIES,NATGASCM,QATAR,2021,49670.765
OECDTOT,ENTRIES,NATGASCM,QATAR,2022,50096.278
OECDTOT,ENTRIES,NATGASCM,QATAR,4Q2023,8664.434
OECDTOT,ENTRIES,NATGASCM,QATAR,DEC2022,4470.493
OECDTOT,ENTRIES,NATGASCM,QATAR,DEC2023,3232.017
OECDTOT,ENTRIES,NATGASCM,QATAR,YTD2022,50096.278
OECDTOT,ENTRIES,NATGASCM,QATAR,YTD2023,40448.188
OECDTOT,ENTRIES,NATGASCM,RUSSIA,2021,116241.846
OECDTOT,ENTRIES,NATGASCM,RUSSIA,2022,80466.853
OECDTOT,ENTRIES,NATGASCM,RUSSIA,4Q2023,14100.506
OECDTOT,ENTRIES,NATGASCM,RUSSIA,DEC2022,4459.04
OECDTOT,ENTRIES,NATGASCM,RUSSIA,DEC2023,5096.537
OECDTOT,ENTRIES,NATGASCM,RUSSIA,YTD2022,80466.853
OECDTOT,ENTRIES,NATGASCM,RUSSIA,YTD2023,49006.911
OECDTOT,ENTRIES,NATGASCM,SLOVAKIA,2021,36453.746
OECDTOT,ENTRIES,NATGASCM,SLOVAKIA,2022,19060.738
OECDTOT,ENTRIES,NATGASCM,SLOVAKIA,4Q2023,3134.033
OECDTOT,ENTRIES,NATGASCM,SLOVAKIA,DEC2022,1342.123
OECDTOT,ENTRIES,NATGASCM,SLOVAKIA,DEC2023,1279.534
OECDTOT,ENTRIES,NATGASCM,SLOVAKIA,YTD2022,19060.738
OECDTOT,ENTRIES,NATGASCM,SLOVAKIA,YTD2023,9075.442
OECDTOT,ENTRIES,NATGASCM,SWITLAND,2021,2197.315
OECDTOT,ENTRIES,NATGASCM,SWITLAND,2022,9147.948
OECDTOT,ENTRIES,NATGASCM,SWITLAND,4Q2023,1541.774
OECDTOT,ENTRIES,NATGASCM,SWITLAND,DEC2022,687.866
OECDTOT,ENTRIES,NATGASCM,SWITLAND,DEC2023,520.765
OECDTOT,ENTRIES,NATGASCM,SWITLAND,YTD2022,9147.948
OECDTOT,ENTRIES,NATGASCM,SWITLAND,YTD2023,7088.199
OECDTOT,ENTRIES,NATGASCM,TOTENTST,2021,1021996.669
OECDTOT,ENTRIES,NATGASCM,TOTENTST,2022,978874.038
OECDTOT,ENTRIES,NATGASCM,TOTENTST,4Q2023,212727.183
OECDTOT,ENTRIES,NATGASCM,TOTENTST,DEC2022,82711.666
OECDTOT,ENTRIES,NATGASCM,TOTENTST,DEC2023,77392.406
OECDTOT,ENTRIES,NATGASCM,TOTENTST,YTD2022,978874.038
OECDTOT,ENTRIES,NATGASCM,TOTENTST,YTD2023,829339.084
OECDTOT,ENTRIES,NATGASCM,TUNISIA,2021,21169.0
OECDTOT,ENTRIES,NATGASCM,TUNISIA,2022,23554.3
OECDTOT,ENTRIES,NATGASCM,TUNISIA,4Q2023,5304.0
OECDTOT,ENTRIES,NATGASCM,TUNISIA,DEC2022,2301.0
OECDTOT,ENTRIES,NATGASCM,TUNISIA,DEC2023,1782.0
OECDTOT,ENTRIES,NATGASCM,TUNISIA,YTD2022,23554.3
OECDTOT,ENTRIES,NATGASCM,TUNISIA,YTD2023,23040.0
OECDTOT,ENTRIES,NATGASCM,UK,2021,7662.281
OECDTOT,ENTRIES,NATGASCM,UK,2022,24438.087
OECDTOT,ENTRIES,NATGASCM,UK,4Q2023,2571.544
OECDTOT,ENTRIES,NATGASCM,UK,DEC2022,1679.845
OECDTOT,ENTRIES,NATGASCM,UK,DEC2023,989.636
OECDTOT,ENTRIES,NATGASCM,UK,YTD2022,24438.087
OECDTOT,ENTRIES,NATGASCM,UK,YTD2023,16163.623
OECDTOT,ENTRIES,NATGASCM,UKRAINE,2021,37559.414
OECDTOT,ENTRIES,NATGASCM,UKRAINE,2022,17384.931
OECDTOT,ENTRIES,NATGASCM,UKRAINE,4Q2023,4025.94
OECDTOT,ENTRIES,NATGASCM,UKRAINE,DEC2022,1313.433
OECDTOT,ENTRIES,NATGASCM,UKRAINE,DEC2023,1715.855
OECDTOT,ENTRIES,NATGASCM,UKRAINE,YTD2022,17384.931
OECDTOT,ENTRIES,NATGASCM,UKRAINE,YTD2023,12975.026
OECDTOT,ENTRIES,NATGASCM,USA,2021,80031.325
OECDTOT,ENTRIES,NATGASCM,USA,2022,97535.344
OECDTOT,ENTRIES,NATGASCM,USA,4Q2023,26067.68
OECDTOT,ENTRIES,NATGASCM,USA,DEC2022,9162.8
OECDTOT,ENTRIES,NATGASCM,USA,DEC2023,10023.76
OECDTOT,ENTRIES,NATGASCM,USA,YTD2022,97535.344
OECDTOT,ENTRIES,NATGASCM,USA,YTD2023,101820.19
OECDAM,EXITS,NATGASCM,BELGIUM,2021,158.0
OECDAM,EXITS,NATGASCM,BELGIUM,2022,2273.0
OECDAM,EXITS,NATGASCM,BELGIUM,4Q2023,1283.0
OECDAM,EXITS,NATGASCM,BELGIUM,DEC2022,93.0
OECDAM,EXITS,NATGASCM,BELGIUM,DEC2023,404.0
OECDAM,EXITS,NATGASCM,BELGIUM,YTD2022,2273.0
OECDAM,EXITS,NATGASCM,BELGIUM,YTD2023,2746.0
OECDAM,EXITS,NATGASCM,CANADA,2021,26545.0
OECDAM,EXITS,NATGASCM,CANADA,2022,27175.0
OECDAM,EXITS,NATGASCM,CANADA,4Q2023,7596.0
OECDAM,EXITS,NATGASCM,CANADA,DEC2022,2795.0
OECDAM,EXITS,NATGASCM,CANADA,DEC2023,3168.0
OECDAM,EXITS,NATGASCM,CANADA,YTD2022,27175.0
OECDAM,EXITS,NATGASCM,CANADA,YTD2023,29057.0
OECDAM,EXITS,NATGASCM,FRANCE,2021,4837.0
OECDAM,EXITS,NATGASCM,FRANCE,2022,16180.0
OECDAM,EXITS,NATGASCM,FRANCE,4Q2023,4337.0
OECDAM,EXITS,NATGASCM,FRANCE,DEC2022,1085.0
OECDAM,EXITS,NATGASCM,FRANCE,DEC2023,1152.0
OECDAM,EXITS,NATGASCM,FRANCE,YTD2022,16180.0
OECDAM,EXITS,NATGASCM,FRANCE,YTD2023,13951.0
OECDAM,EXITS,NATGASCM,GERMANY,2022,201.0
OECDAM,EXITS,NATGASCM,GERMANY,4Q2023,1464.0
OECDAM,EXITS,NATGASCM,GERMANY,DEC2022,201.0
OECDAM,EXITS,NATGASCM,GERMANY,DEC2023,550.0
OECDAM,EXITS,NATGASCM,GERMANY,YTD2022,201.0
OECDAM,EXITS,NATGASCM,GERMANY,YTD2023,5792.0
OECDAM,EXITS,NATGASCM,ITALY,2021,968.0
OECDAM,EXITS,NATGASCM,ITALY,2022,3286.0
OECDAM,EXITS,NATGASCM,ITALY,4Q2023,1471.0
OECDAM,EXITS,NATGASCM,ITALY,DEC2022,198.0
OECDAM,EXITS,NATGASCM,ITALY,DEC2023,603.0
OECDAM,EXITS,NATGASCM,ITALY,YTD2022,3286.0
OECDAM,EXITS,NATGASCM,ITALY,YTD2023,5593.0
OECDAM,EXITS,NATGASCM,JAPAN,2021,10052.0
OECDAM,EXITS,NATGASCM,JAPAN,2022,5925.0
OECDAM,EXITS,NATGASCM,JAPAN,4Q2023,2173.0
OECDAM,EXITS,NATGASCM,JAPAN,DEC2022,581.0
OECDAM,EXITS,NATGASCM,JAPAN,DEC2023,778.0
OECDAM,EXITS,NATGASCM,JAPAN,YTD2022,5925.0
OECDAM,EXITS,NATGASCM,JAPAN,YTD2023,8784.0
OECDAM,EXITS,NATGASCM,MEXICO,2021,61473.0
OECDAM,EXITS,NATGASCM,MEXICO,2022,59012.0
OECDAM,EXITS,NATGASCM,MEXICO,4Q2023,15846.0
OECDAM,EXITS,NATGASCM,MEXICO,DEC2022,4512.0
OECDAM,EXITS,NATGASCM,MEXICO,DEC2023,5048.0
OECDAM,EXITS,NATGASCM,MEXICO,YTD2022,59012.0
OECDAM,EXITS,NATGASCM,MEXICO,YTD2023,63880.0
OECDAM,EXITS,NATGASCM,NETHLAND,2021,4936.0
OECDAM,EXITS,NATGASCM,NETHLAND,2022,10714.0
OECDAM,EXITS,NATGASCM,NETHLAND,4Q2023,3809.0
OECDAM,EXITS,NATGASCM,NETHLAND,DEC2022,1130.0
OECDAM,EXITS,NATGASCM,NETHLAND,DEC2023,1378.0
OECDAM,EXITS,NATGASCM,NETHLAND,YTD2022,10714.0
OECDAM,EXITS,NATGASCM,NETHLAND,YTD2023,16667.0
OECDAM,EXITS,NATGASCM,OTHEXT,2021,40385.219
OECDAM,EXITS,NATGASCM,OTHEXT,2022,21019.241
OECDAM,EXITS,NATGASCM,OTHEXT,4Q2023,5719.416
OECDAM,EXITS,NATGASCM,OTHEXT,DEC2022,1327.0
OECDAM,EXITS,NATGASCM,OTHEXT,DEC2023,1660.416
OECDAM,EXITS,NATGASCM,OTHEXT,YTD2022,21019.241
OECDAM,EXITS,NATGASCM,OTHEXT,YTD2023,24845.132
OECDAM,EXITS,NATGASCM,OTHOECD,2021,33502.0
OECDAM,EXITS,NATGASCM,OTHOECD,2022,36553.0
OECDAM,EXITS,NATGASCM,OTHOECD,4Q2023,9611.0
OECDAM,EXITS,NATGASCM,OTHOECD,DEC2022,3026.0
OECDAM,EXITS,NATGASCM,OTHOECD,DEC2023,3641.0
OECDAM,EXITS,NATGASCM,OTHOECD,YTD2022,36553.0
OECDAM,EXITS,NATGASCM,OTHOECD,YTD2023,31463.0
OECDAM,EXITS,NATGASCM,TOTEXTST,2021,267948.218
OECDAM,EXITS,NATGASCM,TOTEXTST,2022,280779.757
OECDAM,EXITS,NATGASCM,TOTEXTST,4Q2023,77120.965
OECDAM,EXITS,NATGASCM,TOTEXTST,DEC2022,25122.873
OECDAM,EXITS,NATGASCM,TOTEXTST,DEC2023,27065.108
OECDAM,EXITS,NATGASCM,TOTEXTST,YTD2022,280779.757
OECDAM,EXITS,NATGASCM,TOTEXTST,YTD2023,297650.422
OECDAM,EXITS,NATGASCM,UK,2021,5523.0
OECDAM,EXITS,NATGASCM,UK,2022,13151.0
OECDAM,EXITS,NATGASCM,UK,4Q2023,3774.0
OECDAM,EXITS,NATGASCM,UK,DEC2022,1963.0
OECDAM,EXITS,NATGASCM,UK,DEC2023,1705.0
OECDAM,EXITS,NATGASCM,UK,YTD2022,13151.0
OECDAM,EXITS,NATGASCM,UK,YTD2023,12762.0
OECDAM,EXITS,NATGASCM,USA,2021,79568.999
OECDAM,EXITS,NATGASCM,USA,2022,85290.516
OECDAM,EXITS,NATGASCM,USA,4Q2023,20037.549
OECDAM,EXITS,NATGASCM,USA,DEC2022,8211.873
OECDAM,EXITS,NATGASCM,USA,DEC2023,6977.692
OECDAM,EXITS,NATGASCM,USA,YTD2022,85290.516
OECDAM,EXITS,NATGASCM,USA,YTD2023,82110.29
OECDAO,EXITS,NATGASCM,JAPAN,2021,37655.158
OECDAO,EXITS,NATGASCM,JAPAN,2022,40873.842
OECDAO,EXITS,NATGASCM,JAPAN,4Q2023,9176.112
OECDAO,EXITS,NATGASCM,JAPAN,DEC2022,3447.798
OECDAO,EXITS,NATGASCM,JAPAN,DEC2023,3556.732
OECDAO,EXITS,NATGASCM,JAPAN,YTD2022,40873.842
OECDAO,EXITS,NATGASCM,JAPAN,YTD2023,36577.321
OECDAO,EXITS,NATGASCM,OTHEXT,2021,63717.842
OECDAO,EXITS,NATGASCM,OTHEXT,2022,59976.158
OECDAO,EXITS,NATGASCM,OTHEXT,4Q2023,15775.888
OECDAO,EXITS,NATGASCM,OTHEXT,DEC2022,5366.202
OECDAO,EXITS,NATGASCM,OTHEXT,DEC2023,5158.268
OECDAO,EXITS,NATGASCM,OTHEXT,YTD2022,59976.158
OECDAO,EXITS,NATGASCM,OTHEXT,YTD2023,64687.679
OECDAO,EXITS,NATGASCM,OTHOECD,2021,12487.0
OECDAO,EXITS,NATGASCM,OTHOECD,2022,15274.0
OECDAO,EXITS,NATGASCM,OTHOECD,4Q2023,4251.0
OECDAO,EXITS,NATGASCM,OTHOECD,DEC2022,1346.0
OECDAO,EXITS,NATGASCM,OTHOECD,DEC2023,1881.0
OECDAO,EXITS,NATGASCM,OTHOECD,YTD2022,15274.0
OECDAO,EXITS,NATGASCM,OTHOECD,YTD2023,14241.0
OECDAO,EXITS,NATGASCM,TOTEXTST,2021,113860.0
OECDAO,EXITS,NATGASCM,TOTEXTST,2022,116124.0
OECDAO,EXITS,NATGASCM,TOTEXTST,4Q2023,29203.0
OECDAO,EXITS,NATGASCM,TOTEXTST,DEC2022,10160.0
OECDAO,EXITS,NATGASCM,TOTEXTST,DEC2023,10596.0
OECDAO,EXITS,NATGASCM,TOTEXTST,YTD2022,116124.0
OECDAO,EXITS,NATGASCM,TOTEXTST,YTD2023,115506.0
OECDEUR,EXITS,NATGASCM,AUSTRIA,2021,40426.487
OECDEUR,EXITS,NATGASCM,AUSTRIA,2022,29849.059
OECDEUR,EXITS,NATGASCM,AUSTRIA,4Q2023,2857.402
OECDEUR,EXITS,NATGASCM,AUSTRIA,DEC2022,1646.047
OECDEUR,EXITS,NATGASCM,AUSTRIA,DEC2023,1045.946
OECDEUR,EXITS,NATGASCM,AUSTRIA,YTD2022,29849.059
OECDEUR,EXITS,NATGASCM,AUSTRIA,YTD2023,13643.581
OECDEUR,EXITS,NATGASCM,BELGIUM,2021,33141.158
OECDEUR,EXITS,NATGASCM,BELGIUM,2022,45213.218
OECDEUR,EXITS,NATGASCM,BELGIUM,4Q2023,8523.1
OECDEUR,EXITS,NATGASCM,BELGIUM,DEC2022,3974.683
OECDEUR,EXITS,NATGASCM,BELGIUM,DEC2023,3025.306
OECDEUR,EXITS,NATGASCM,BELGIUM,YTD2022,45213.218
OECDEUR,EXITS,NATGASCM,BELGIUM,YTD2023,36492.874
OECDEUR,EXITS,NATGASCM,CZECH,2021,46754.826
OECDEUR,EXITS,NATGASCM,CZECH,2022,27826.843
OECDEUR,EXITS,NATGASCM,CZECH,4Q2023,2229.478
OECDEUR,EXITS,NATGASCM,CZECH,DEC2022,613.892
OECDEUR,EXITS,NATGASCM,CZECH,DEC2023,784.592
OECDEUR,EXITS,NATGASCM,CZECH,YTD2022,27826.843
OECDEUR,EXITS,NATGASCM,CZECH,YTD2023,10665.321
OECDEUR,EXITS,NATGASCM,FRANCE,2021,32283.843
OECDEUR,EXITS,NATGASCM,FRANCE,2022,26571.762
OECDEUR,EXITS,NATGASCM,FRANCE,4Q2023,5404.351
OECDEUR,EXITS,NATGASCM,FRANCE,DEC2022,1975.347
OECDEUR,EXITS,NATGASCM,FRANCE,DEC2023,1584.282
OECDEUR,EXITS,NATGASCM,FRANCE,YTD2022,26571.762
OECDEUR,EXITS,NATGASCM,FRANCE,YTD2023,21759.067
OECDEUR,EXITS,NATGASCM,GERMANY,2021,127892.216
OECDEUR,EXITS,NATGASCM,GERMANY,2022,124724.384
OECDEUR,EXITS,NATGASCM,GERMANY,4Q2023,25895.487
OECDEUR,EXITS,NATGASCM,GERMANY,DEC2022,10915.188
OECDEUR,EXITS,NATGASCM,GERMANY,DEC2023,9339.395
OECDEUR,EXITS,NATGASCM,GERMANY,YTD2022,124724.384
OECDEUR,EXITS,NATGASCM,GERMANY,YTD2023,100900.689
OECDEUR,EXITS,NATGASCM,ITALY,2021,29762.395
OECDEUR,EXITS,NATGASCM,ITALY,2022,18456.546
OECDEUR,EXITS,NATGASCM,ITALY,4Q2023,1409.621
OECDEUR,EXITS,NATGASCM,ITALY,DEC2022,780.571
OECDEUR,EXITS,NATGASCM,ITALY,DEC2023,523.26
OECDEUR,EXITS,NATGASCM,ITALY,YTD2022,18456.546
OECDEUR,EXITS,NATGASCM,ITALY,YTD2023,9368.971
OECDEUR,EXITS,NATGASCM,JAPAN,2022,96.3
OECDEUR,EXITS,NATGASCM,JAPAN,YTD2022,96.3
OECDEUR,EXITS,NATGASCM,NETHLAND,2021,16943.939
OECDEUR,EXITS,NATGASCM,NETHLAND,2022,22007.128
OECDEUR,EXITS,NATGASCM,NETHLAND,4Q2023,3427.657
OECDEUR,EXITS,NATGASCM,NETHLAND,DEC2022,1659.235
OECDEUR,EXITS,NATGASCM,NETHLAND,DEC2023,1048.923
OECDEUR,EXITS,NATGASCM,NETHLAND,YTD2022,22007.128
OECDEUR,EXITS,NATGASCM,NETHLAND,YTD2023,17499.682
OECDEUR,EXITS,NATGASCM,OTHEXT,2021,16275.365
OECDEUR,EXITS,NATGASCM,OTHEXT,2022,21230.559
OECDEUR,EXITS,NATGASCM,OTHEXT,4Q2023,7052.302
OECDEUR,EXITS,NATGASCM,OTHEXT,DEC2022,2052.027
OECDEUR,EXITS,NATGASCM,OTHEXT,DEC2023,2332.464
OECDEUR,EXITS,NATGASCM,OTHEXT,YTD2022,21230.559
OECDEUR,EXITS,NATGASCM,OTHEXT,YTD2023,25483.552
OECDEUR,EXITS,NATGASCM,OTHOECD,2021,36424.192
OECDEUR,EXITS,NATGASCM,OTHOECD,2022,47722.395
OECDEUR,EXITS,NATGASCM,OTHOECD,4Q2023,10356.629
OECDEUR,EXITS,NATGASCM,OTHOECD,DEC2022,3923.343
OECDEUR,EXITS,NATGASCM,OTHOECD,DEC2023,3523.805
OECDEUR,EXITS,NATGASCM,OTHOECD,YTD2022,47722.395
OECDEUR,EXITS,NATGASCM,OTHOECD,YTD2023,45354.28
OECDEUR,EXITS,NATGASCM,TOTEXTST,2021,414637.662
OECDEUR,EXITS,NATGASCM,TOTEXTST,2022,391378.492
OECDEUR,EXITS,NATGASCM,TOTEXTST,4Q2023,75830.014
OECDEUR,EXITS,NATGASCM,TOTEXTST,DEC2022,30661.412
OECDEUR,EXITS,NATGASCM,TOTEXTST,DEC2023,26609.787
OECDEUR,EXITS,NATGASCM,TOTEXTST,YTD2022,391378.492
OECDEUR,EXITS,NATGASCM,TOTEXTST,YTD2023,305681.578
OECDEUR,EXITS,NATGASCM,UK,2021,34646.345
OECDEUR,EXITS,NATGASCM,UK,2022,27674.103
OECDEUR,EXITS,NATGASCM,UK,4Q2023,8672.421
OECDEUR,EXITS,NATGASCM,UK,DEC2022,3121.079
OECDEUR,EXITS,NATGASCM,UK,DEC2023,3400.248
OECDEUR,EXITS,NATGASCM,UK,YTD2022,27674.103
OECDEUR,EXITS,NATGASCM,UK,YTD2023,24496.993
OECDEUR,EXITS,NATGASCM,USA,2021,86.896
OECDEUR,EXITS,NATGASCM,USA,2022,6.195
OECDEUR,EXITS,NATGASCM,USA,4Q2023,1.566
OECDEUR,EXITS,NATGASCM,USA,DEC2023,1.566
OECDEUR,EXITS,NATGASCM,USA,YTD2022,6.195
OECDEUR,EXITS,NATGASCM,USA,YTD2023,16.568
OECDTOT,EXITS,NATGASCM,AUSTRIA,2021,40426.487
OECDTOT,EXITS,NATGASCM,AUSTRIA,2022,29849.059
OECDTOT,EXITS,NATGASCM,AUSTRIA,4Q2023,2857.402
OECDTOT,EXITS,NATGASCM,AUSTRIA,DEC2022,1646.047
OECDTOT,EXITS,NATGASCM,AUSTRIA,DEC2023,1045.946
OECDTOT,EXITS,NATGASCM,AUSTRIA,YTD2022,29849.059
OECDTOT,EXITS,NATGASCM,AUSTRIA,YTD2023,13643.581
OECDTOT,EXITS,NATGASCM,BELGIUM,2021,33299.158
OECDTOT,EXITS,NATGASCM,BELGIUM,2022,47486.218
OECDTOT,EXITS,NATGASCM,BELGIUM,4Q2023,9806.1
OECDTOT,EXITS,NATGASCM,BELGIUM,DEC2022,4067.683
OECDTOT,EXITS,NATGASCM,BELGIUM,DEC2023,3429.306
OECDTOT,EXITS,NATGASCM,BELGIUM,YTD2022,47486.218
OECDTOT,EXITS,NATGASCM,BELGIUM,YTD2023,39238.874
OECDTOT,EXITS,NATGASCM,CANADA,2021,26545.0
OECDTOT,EXITS,NATGASCM,CANADA,2022,27175.0
OECDTOT,EXITS,NATGASCM,CANADA,4Q2023,7596.0
OECDTOT,EXITS,NATGASCM,CANADA,DEC2022,2795.0
OECDTOT,EXITS,NATGASCM,CANADA,DEC2023,3168.0
OECDTOT,EXITS,NATGASCM,CANADA,YTD2022,27175.0
OECDTOT,EXITS,NATGASCM,CANADA,YTD2023,29057.0
OECDTOT,EXITS,NATGASCM,CZECH,2021,46754.826
OECDTOT,EXITS,NATGASCM,CZECH,2022,27826.843
OECDTOT,EXITS,NATGASCM,CZECH,4Q2023,2229.478
OECDTOT,EXITS,NATGASCM,CZECH,DEC2022,613.892
OECDTOT,EXITS,NATGASCM,CZECH,DEC2023,784.592
OECDTOT,EXITS,NATGASCM,CZECH,YTD2022,27826.843
OECDTOT,EXITS,NATGASCM,CZECH,YTD2023,10665.321
OECDTOT,EXITS,NATGASCM,FRANCE,2021,37120.843
OECDTOT,EXITS,NATGASCM,FRANCE,2022,42751.762
OECDTOT,EXITS,NATGASCM,FRANCE,4Q2023,9741.351
OECDTOT,EXITS,NATGASCM,FRANCE,DEC2022,3060.347
OECDTOT,EXITS,NATGASCM,FRANCE,DEC2023,2736.282
OECDTOT,EXITS,NATGASCM,FRANCE,YTD2022,42751.762
OECDTOT,EXITS,NATGASCM,FRANCE,YTD2023,35710.067
OECDTOT,EXITS,NATGASCM,GERMANY,2021,127892.216
OECDTOT,EXITS,NATGASCM,GERMANY,2022,124925.384
OECDTOT,EXITS,NATGASCM,GERMANY,4Q2023,27359.487
OECDTOT,EXITS,NATGASCM,GERMANY,DEC2022,11116.188
OECDTOT,EXITS,NATGASCM,GERMANY,DEC2023,9889.395
OECDTOT,EXITS,NATGASCM,GERMANY,YTD2022,124925.384
OECDTOT,EXITS,NATGASCM,GERMANY,YTD2023,106692.689
OECDTOT,EXITS,NATGASCM,ITALY,2021,30730.395
OECDTOT,EXITS,NATGASCM,ITALY,2022,21742.546
OECDTOT,EXITS,NATGASCM,ITALY,4Q2023,2880.621
OECDTOT,EXITS,NATGASCM,ITALY,DEC2022,978.571
OECDTOT,EXITS,NATGASCM,ITALY,DEC2023,1126.26
OECDTOT,EXITS,NATGASCM,ITALY,YTD2022,21742.546
OECDTOT,EXITS,NATGASCM,ITALY,YTD2023,14961.971
OECDTOT,EXITS,NATGASCM,JAPAN,2021,47707.158
OECDTOT,EXITS,NATGASCM,JAPAN,2022,46895.142
OECDTOT,EXITS,NATGASCM,JAPAN,4Q2023,11349.112
OECDTOT,EXITS,NATGASCM,JAPAN,DEC2022,4028.798
OECDTOT,EXITS,NATGASCM,JAPAN,DEC2023,4334.732
OECDTOT,EXITS,NATGASCM,JAPAN,YTD2022,46895.142
OECDTOT,EXITS,NATGASCM,JAPAN,YTD2023,45361.321
OECDTOT,EXITS,NATGASCM,MEXICO,2021,61473.0
OECDTOT,EXITS,NATGASCM,MEXICO,2022,59012.0
OECDTOT,EXITS,NATGASCM,MEXICO,4Q2023,15846.0
OECDTOT,EXITS,NATGASCM,MEXICO,DEC2022,4512.0
OECDTOT,EXITS,NATGASCM,MEXICO,DEC2023,5048.0
OECDTOT,EXITS,NATGASCM,MEXICO,YTD2022,59012.0
OECDTOT,EXITS,NATGASCM,MEXICO,YTD2023,63880.0
OECDTOT,EXITS,NATGASCM,NETHLAND,2021,21879.939
OECDTOT,EXITS,NATGASCM,NETHLAND,2022,32721.128
OECDTOT,EXITS,NATGASCM,NETHLAND,4Q2023,7236.657
OECDTOT,EXITS,NATGASCM,NETHLAND,DEC2022,2789.235
OECDTOT,EXITS,NATGASCM,NETHLAND,DEC2023,2426.923
OECDTOT,EXITS,NATGASCM,NETHLAND,YTD2022,32721.128
OECDTOT,EXITS,NATGASCM,NETHLAND,YTD2023,34166.682
OECDTOT,EXITS,NATGASCM,OTHEXT,2021,120378.426
OECDTOT,EXITS,NATGASCM,OTHEXT,2022,102225.958
OECDTOT,EXITS,NATGASCM,OTHEXT,4Q2023,28547.606
OECDTOT,EXITS,NATGASCM,OTHEXT,DEC2022,8745.229
OECDTOT,EXITS,NATGASCM,OTHEXT,DEC2023,9151.148
OECDTOT,EXITS,NATGASCM,OTHEXT,YTD2022,102225.958
OECDTOT,EXITS,NATGASCM,OTHEXT,YTD2023,115016.363
OECDTOT,EXITS,NATGASCM,OTHOECD,2021,82413.192
OECDTOT,EXITS,NATGASCM,OTHOECD,2022,99549.395
OECDTOT,EXITS,NATGASCM,OTHOECD,4Q2023,24218.629
OECDTOT,EXITS,NATGASCM,OTHOECD,DEC2022,8295.343
OECDTOT,EXITS,NATGASCM,OTHOECD,DEC2023,9045.805
OECDTOT,EXITS,NATGASCM,OTHOECD,YTD2022,99549.395
OECDTOT,EXITS,NATGASCM,OTHOECD,YTD2023,91058.28
OECDTOT,EXITS,NATGASCM,TOTEXTST,2021,796445.88
OECDTOT,EXITS,NATGASCM,TOTEXTST,2022,788282.249
OECDTOT,EXITS,NATGASCM,TOTEXTST,4Q2023,182153.979
OECDTOT,EXITS,NATGASCM,TOTEXTST,DEC2022,65944.285
OECDTOT,EXITS,NATGASCM,TOTEXTST,DEC2023,64270.895
OECDTOT,EXITS,NATGASCM,TOTEXTST,YTD2022,788282.249
OECDTOT,EXITS,NATGASCM,TOTEXTST,YTD2023,718838.0
OECDTOT,EXITS,NATGASCM,UK,2021,40169.345
OECDTOT,EXITS,NATGASCM,UK,2022,40825.103
OECDTOT,EXITS,NATGASCM,UK,4Q2023,12446.421
OECDTOT,EXITS,NATGASCM,UK,DEC2022,5084.079
OECDTOT,EXITS,NATGASCM,UK,DEC2023,5105.248
OECDTOT,EXITS,NATGASCM,UK,YTD2022,40825.103
OECDTOT,EXITS,NATGASCM,UK,YTD2023,37258.993
OECDTOT,EXITS,NATGASCM,USA,2021,79655.895
OECDTOT,EXITS,NATGASCM,USA,2022,85296.711
OECDTOT,EXITS,NATGASCM,USA,4Q2023,20039.115
OECDTOT,EXITS,NATGASCM,USA,DEC2022,8211.873
OECDTOT,EXITS,NATGASCM,USA,DEC2023,6979.258
OECDTOT,EXITS,NATGASCM,USA,YTD2022,85296.711
OECDTOT,EXITS,NATGASCM,USA,YTD2023,82126.858
